Rank,Country,Type,2000,2001,2002,2003,2004,2005,2006,2007,2008,2009,2010,2011,2012,2013,2014,2015,2016,2017,2018,2019,2020,2021,2022,2023,2024,2025,2026,2027,2028,2029,2030,2031,2032,2033,2034,2035,2036,2037,2038,2039,2040,2041,2042,2043,2044,2045,2046,2047,2048,2049,2050,2051,2052,2053,2054,2055
27,Burundi,Country/Area,6379,6526,6704,6909,7132,7365,7608,7862,8126,8398,8676,8958,9246,9540,9844,10160,10488,10827,11175,11531,11891,12659,12659,13058,13468,13889,14320,14764,15219,15686,16165,16657,17163,17682,18215,18762,19325,19903,20496,21107,21734,22379,23042,23724,24424,25145,25886,26648,27431,28235,29060,29908,30779,31673,32590,33532
28,Comoros,Country/Area,542,556,569,583,597,612,626,642,657,673,690,707,724,742,759,777,796,814,832,851,870,910,910,930,952,973,995,1018,1041,1064,1088,1112,1137,1162,1188,1214,1241,1268,1296,1324,1352,1381,1411,1441,1472,1503,1535,1567,1600,1634,1668,1703,1739,1775,1812,1850
29,Djibouti,Country/Area,718,733,747,760,772,783,795,805,816,828,840,854,868,883,899,914,929,944,959,974,988,1018,1018,1033,1048,1062,1077,1091,1106,1120,1134,1147,1161,1175,1188,1201,1214,1227,1240,1252,1265,1277,1290,1302,1315,1327,1339,1352,1364,1376,1388,1400,1412,1424,1436,1447
30,Eritrea,Country/Area,2292,2375,2481,2601,2720,2827,2918,2997,3063,3120,3170,3214,3250,3281,3311,3343,3377,3413,3453,3497,3546,3676,3676,3746,3820,3897,3978,4062,4150,4242,4338,4437,4540,4647,4756,4869,4984,5102,5222,5344,5469,5596,5725,5855,5988,6122,6257,6395,6535,6676,6821,6968,7117,7270,7426,7586
31,Ethiopia,Country/Area,66225,68159,70142,72171,74240,76346,78489,80674,82916,85234,87640,90140,92727,95386,98094,100835,103603,106400,109224,112079,114964,121253,121253,124566,127980,131491,135092,138781,142554,146409,150345,154360,158451,162617,166853,171159,175535,179982,184503,189103,193785,198551,203406,208356,213409,218572,223849,229245,234763,240410,246190,252106,258162,264358,270697,277179
32,Kenya,Country/Area,31965,32849,33752,34679,35635,36625,37649,38706,39792,40902,42031,43178,44343,45520,46700,47878,49052,50221,51393,52574,53771,56330,56330,57665,59034,60433,61861,63317,64799,66307,67841,69399,70979,72579,74197,75828,77472,79130,80800,82482,84176,85881,87599,89332,91081,92850,94640,96450,98285,100145,102033,103950,105897,107874,109882,111921
33,Madagascar,Country/Area,15767,16261,16765,17279,17803,18337,18880,19434,19996,20569,21152,21744,22347,22961,23590,24234,24894,25571,26262,26969,27691,29226,29226,30029,30854,31700,32566,33452,34358,35282,36225,37186,38166,39164,40181,41215,42268,43340,44432,45545,46681,47839,49021,50228,51462,52724,54016,55337,56690,58075,59492,60943,62428,63948,65502,67091
34,Malawi,Country/Area,11149,11432,11714,12000,12302,12626,12974,13342,13728,14128,14540,14962,15396,15839,16290,16745,17205,17670,18143,18629,19130,20226,20226,20809,21413,22036,22679,23340,24019,24715,25428,26159,26906,27669,28448,29242,30051,30877,31719,32579,33457,34355,35274,36213,37174,38158,39167,40200,41259,42344,43456,44596,45765,46963,48190,49448
35,Mauritius,Country/Area,1185,1194,1202,1209,1216,1222,1228,1234,1239,1244,1248,1251,1253,1255,1257,1259,1262,1264,1267,1270,1272,1274,1274,1275,1276,1276,1276,1275,1274,1272,1270,1267,1264,1260,1256,1252,1246,1241,1235,1228,1221,1214,1206,1198,1189,1180,1171,1162,1152,1143,1133,1123,1113,1103,1093,1082
36,Mayotte,Country/Area,150,156,161,167,172,178,184,190,196,202,209,215,221,227,234,240,246,253,260,266,273,287,287,294,302,310,318,326,335,343,352,361,371,380,390,400,410,420,430,441,451,462,473,484,495,507,518,530,542,554,567,579,592,605,618,632
37,Mozambique,Country/Area,17712,18222,18764,19331,19911,20494,21080,21673,22277,22895,23532,24188,24863,25561,26286,27042,27830,28649,29496,30366,31255,33150,33150,34148,35180,36245,37343,38473,39637,40834,42065,43329,44628,45962,47330,48733,50171,51647,53159,54711,56304,57938,59614,61335,63101,64914,66777,68689,70653,72670,74741,76869,79055,81300,83607,85975
38,Réunion,Country/Area,737,749,760,771,782,792,801,809,816,824,831,837,844,851,857,863,870,876,883,889,895,908,908,914,921,927,933,939,944,950,955,960,965,970,975,979,984,987,991,995,998,1001,1003,1006,1008,1010,1012,1014,1016,1017,1019,1020,1021,1023,1024,1025
39,Rwanda,Country/Area,7934,8231,8427,8557,8681,8840,9043,9274,9525,9783,10039,10293,10550,10812,11084,11369,11669,11981,12302,12627,12952,13640,13640,13995,14357,14727,15104,15489,15881,16281,16689,17105,17528,17960,18400,18848,19305,19771,20245,20729,21222,21724,22237,22759,23292,23836,24391,24957,25534,26124,26725,27340,27967,28607,29261,29928
40,Seychelles,Country/Area,81,82,84,86,87,89,90,90,90,91,91,92,93,93,94,95,96,96,97,98,98,100,100,100,101,101,102,102,102,103,103,104,104,104,105,105,105,106,106,106,106,107,107,107,107,107,107,108,108,108,108,108,108,108,108,108
41,Somalia,Country/Area,8872,9187,9501,9815,10130,10447,10764,11080,11397,11718,12044,12376,12715,13064,13424,13797,14186,14589,15008,15443,15893,16890,16890,17426,17986,18569,19175,19804,20455,21128,21825,22545,23288,24054,24843,25654,26488,27346,28229,29137,30072,31034,32026,33049,34107,35201,36334,37507,38722,39982,41290,42647,44054,45512,47024,48588
42,South Sudan,Country/Area,6199,6448,6688,6936,7213,7536,7907,8315,8737,9142,9508,9831,10114,10355,10555,10716,10833,10911,10976,11062,11194,11715,11715,11991,12278,12575,12881,13196,13522,13858,14205,14562,14930,15308,15694,16087,16488,16896,17312,17735,18166,18605,19051,19507,19971,20446,20931,21427,21934,22455,22988,23536,24098,24674,25265,25871
43,Uganda,Country/Area,23650,24389,25167,25981,26821,27685,28571,29486,30432,31411,32428,33477,34559,35695,36912,38225,39649,41167,42729,44270,45741,48498,48498,49986,51544,53169,54860,56614,58431,60310,62250,64250,66309,68427,70604,72838,75130,77482,79893,82365,84899,87495,90157,92889,95693,98575,101537,104581,107712,110932,114245,117654,121162,124771,128484,132302
44,United Republic of Tanzania,Country/Area,33499,34386,35335,36338,37380,38450,39549,40681,41854,43074,44347,45674,47053,48483,49961,51483,53049,54660,56313,58005,59734,63407,63407,65339,67335,69395,71518,73707,75962,78284,80675,83135,85667,88270,90944,93690,96509,99403,102375,105426,108559,111777,115082,118477,121966,125552,129239,133029,136927,140936,145060,149303,153669,158161,162784,167542
45,Zambia,Country/Area,10416,10692,10972,11257,11551,11856,12174,12503,12849,13215,13606,14023,14465,14927,15400,15879,16363,16854,17352,17861,18384,19503,19503,20095,20707,21338,21989,22659,23348,24056,24782,25528,26292,27075,27876,28695,29532,30388,31263,32158,33072,34008,34964,35943,36944,37970,39021,40097,41199,42329,43486,44672,45888,47135,48413,49723
46,Zimbabwe,Country/Area,11881,11924,11954,11982,12020,12077,12155,12256,12380,12527,12698,12894,13115,13350,13587,13815,14030,14237,14439,14645,14863,15365,15365,15644,15939,16250,16576,16917,17270,17636,18013,18401,18800,19208,19624,20049,20480,20919,21363,21813,22268,22728,23192,23661,24132,24607,25084,25565,26048,26535,27026,27520,28019,28522,29032,29549
47,Middle Africa,Subregion,96116,98956,101975,105167,108516,112008,115648,119442,123378,127442,131622,135913,140315,144829,149458,154203,159065,164039,169122,174308,179595,190977,190977,196977,203184,209602,216233,223083,230156,237460,245001,252783,260811,269087,277612,286388,295422,304720,314288,324134,334264,344685,355410,366448,377812,389517,401572,413991,426786,439972,453562,467572,482013,496900,512247,528067
48,Angola,Country/Area,16395,16946,17519,18121,18758,19434,20150,20905,21696,22514,23356,24221,25108,26016,26942,27884,28842,29817,30810,31825,32866,35094,35094,36270,37488,38749,40053,41402,42796,44236,45725,47262,48849,50487,52175,53915,55707,57553,59455,61414,63431,65508,67647,69851,72120,74458,76867,79348,81905,84541,87257,90057,92943,95919,98987,102151
49,Cameroon,Country/Area,15514,15929,16358,16801,17259,17733,18224,18730,19253,19790,20341,20906,21485,22077,22682,23298,23927,24566,25216,25876,26546,27965,27965,28703,29460,30236,31031,31844,32676,33527,34397,35286,36195,37122,38069,39034,40019,41023,42047,43091,44156,45242,46349,47479,48631,49806,51004,52226,53473,54744,56039,57360,58707,60080,61481,62911
50,Central African Republic,Country/Area,3640,3722,3802,3881,3960,4038,4118,4198,4273,4338,4387,4419,4436,4448,4464,4493,4538,4596,4666,4745,4830,5027,5027,5138,5257,5382,5513,5650,5793,5940,6092,6247,6407,6570,6737,6906,7079,7254,7432,7613,7797,7985,8176,8370,8568,8770,8977,9187,9402,9622,9846,10076,10311,10551,10796,11047
51,Chad,Country/Area,8356,8678,9019,9374,9735,10097,10457,10818,11184,11560,11952,12361,12785,13220,13664,14111,14562,15017,15478,15947,16426,17470,17470,18020,18589,19175,19780,20403,21044,21704,22383,23080,23797,24533,25288,26063,26857,27671,28507,29364,30244,31146,32073,33024,34001,35005,36035,37094,38182,39299,40446,41624,42834,44077,45352,46662
52,Congo,Country/Area,3127,3218,3310,3407,3510,3623,3745,3876,4011,4145,4274,4395,4510,4623,4737,4856,4981,5111,5244,5381,5518,5807,5807,5958,6114,6275,6439,6609,6783,6962,7146,7335,7529,7728,7931,8139,8352,8570,8793,9020,9253,9490,9733,9981,10234,10493,10757,11027,11304,11587,11876,12172,12475,12786,13104,13430
53,Democratic Republic of the Congo,Country/Area,47106,48429,49872,51426,53069,54786,56578,58454,60411,62449,64564,66755,69021,71359,73767,76245,78789,81399,84068,86791,89561,95549,95549,98711,101987,105381,108896,112536,116307,120212,124257,128447,132783,137269,141904,146690,151631,156733,161999,167431,173035,178815,184778,190933,197288,203852,210632,217637,224876,232360,240097,248097,256370,264923,273765,282906
54,Equatorial Guinea,Country/Area,606,632,658,687,717,750,784,822,861,902,944,987,1031,1076,1122,1169,1215,1262,1309,1356,1403,1500,1500,1550,1601,1653,1705,1759,1813,1868,1924,1980,2036,2094,2152,2212,2274,2337,2401,2466,2533,2602,2671,2742,2815,2889,2964,3041,3120,3201,3284,3368,3455,3544,3635,3728
55,Gabon,Country/Area,1228,1258,1288,1320,1354,1391,1430,1473,1519,1569,1624,1685,1750,1817,1884,1948,2008,2065,2119,2173,2226,2337,2337,2393,2450,2507,2565,2624,2683,2743,2803,2864,2927,2990,3054,3120,3186,3254,3323,3394,3466,3540,3615,3692,3770,3850,3932,4015,4099,4185,4272,4361,4451,4542,4635,4729
56,Sao Tome and Principe,Country/Area,142,145,147,150,154,157,162,166,171,176,180,185,188,192,196,199,203,207,211,215,219,228,228,233,238,243,249,255,261,267,274,281,288,295,302,309,317,325,333,341,350,358,367,376,385,395,404,414,425,435,446,457,468,479,491,503
57,Southern Africa,Subregion,51444,52119,52756,53374,53997,54645,55323,56031,56776,57559,58383,59252,60161,61099,62045,62985,63915,64834,65739,66630,67504,69217,69217,70058,70889,71708,72518,73318,74110,74894,75671,76443,77208,77967,78717,79459,80191,80914,81629,82337,83040,83737,84428,85112,85790,86461,87124,87780,88429,89070,89704,90330,90950,91563,92169,92770
58,Botswana,Country/Area,1643,1675,1705,1734,1766,1799,1836,1875,1916,1953,1987,2015,2040,2063,2089,2121,2160,2205,2254,2304,2352,2444,2444,2491,2538,2584,2631,2679,2726,2774,2822,2870,2919,2968,3017,3067,3117,3167,3218,3268,3319,3369,3420,3471,3522,3573,3623,3674,3725,3776,3827,3877,3928,3979,4030,4081
59,Eswatini,Country/Area,1005,1014,1019,1023,1026,1031,1036,1043,1050,1057,1065,1072,1079,1087,1095,1104,1114,1125,1136,1148,1160,1187,1187,1201,1215,1229,1244,1260,1277,1295,1315,1336,1360,1384,1409,1435,1461,1486,1512,1538,1565,1592,1619,1646,1673,1700,1727,1755,1782,1810,1837,1865,1893,1921,1949,1978
60,Lesotho,Country/Area,2033,2036,2030,2018,2006,1996,1990,1987,1987,1990,1996,2004,2015,2029,2043,2059,2075,2092,2108,2125,2142,2175,2175,2193,2212,2231,2251,2271,2292,2312,2333,2353,2373,2392,2412,2431,2451,2470,2490,2509,2529,2548,2568,2588,2608,2628,2648,2668,2688,2708,2728,2749,2769,2790,2810,2831
61,Namibia,Country/Area,1795,1824,1852,1879,1908,1938,1971,2007,2043,2081,2119,2157,2195,2234,2273,2315,2358,2403,2448,2495,2541,2638,2638,2688,2738,2789,2841,2893,2947,3000,3055,3110,3166,3223,3280,3338,3397,3457,3517,3578,3640,3703,3767,3831,3896,3962,4030,4097,4166,4236,4306,4377,4449,4521,4594,4668
62,South Africa,Country/Area,44968,45571,46151,46719,47292,47881,48489,49120,49779,50477,51217,52004,52833,53687,54544,55386,56208,57010,57793,58558,59309,60773,60773,61486,62186,62874,63550,64215,64868,65512,66147,66773,67391,68000,68598,69187,69765,70333,70892,71443,71987,72524,73054,73577,74092,74598,75096,75586,76068,76541,77006,77463,77911,78352,78786,79212
63,Western Africa,Subregion,234749,241003,247412,254006,260823,267895,275232,282830,290677,298752,307040,315538,324251,333182,342336,351718,361327,371160,381202,391440,401861,424023,424023,435626,447578,459882,472542,485564,498953,512719,526869,541409,556344,571678,587410,603544,620088,637052,654442,672268,690538,709264,728459,748139,768322,789025,810265,832058,854422,877378,900944,925139,949983,975498,1001705,1028626
64,Benin,Country/Area,6866,7077,7295,7521,7750,7982,8217,8455,8697,8945,9199,9461,9729,10005,10287,10576,10872,11175,11485,11801,12123,12811,12811,13171,13541,13922,14314,14716,15129,15553,15988,16434,16891,17360,17840,18331,18833,19347,19872,20409,20959,21520,22095,22682,23284,23900,24531,25177,25840,26520,27218,27934,28669,29423,30197,30992
65,Burkina Faso,Country/Area,11608,11945,12293,12655,13031,13422,13829,14252,14690,15141,15605,16082,16571,17073,17586,18111,18646,19193,19751,20321,20903,22152,22152,22809,23489,24189,24912,25658,26426,27218,28033,28873,29737,30625,31537,32473,33434,34420,35431,36467,37530,38618,39735,40879,42054,43259,44496,45767,47071,48412,49791,51209,52667,54166,55709,57296
66,Cabo Verde,Country/Area,428,436,443,450,457,463,469,475,481,487,493,499,505,512,518,525,531,537,544,550,556,568,568,574,580,586,592,598,604,610,616,621,627,632,638,643,648,653,658,663,667,672,676,681,685,689,693,696,700,703,707,710,713,716,718,721
67,Côte d'Ivoire,Country/Area,16455,16853,17232,17600,17970,18355,18755,19171,19606,20059,20533,21029,21547,22088,22648,23226,23823,24437,25069,25717,26378,27787,27787,28525,29285,30067,30869,31691,32533,33395,34276,35176,36095,37034,37993,38972,39972,40992,42034,43099,44187,45298,46434,47595,48783,49997,51240,52511,53812,55142,56504,57898,59324,60783,62276,63803
68,Gambia,Country/Area,1318,1360,1404,1450,1497,1544,1591,1640,1689,1740,1793,1848,1905,1964,2024,2086,2149,2214,2280,2348,2417,2564,2564,2640,2719,2801,2884,2970,3059,3149,3242,3338,3436,3537,3640,3746,3854,3965,4079,4196,4315,4438,4564,4693,4825,4961,5100,5243,5389,5539,5693,5852,6014,6180,6351,6526
69,Ghana,Country/Area,19279,19757,20246,20750,21272,21815,22379,22964,23564,24171,24780,25388,25996,26608,27224,27849,28482,29121,29767,30418,31073,32450,32450,33157,33876,34607,35350,36104,36870,37646,38434,39233,40044,40865,41697,42540,43394,44260,45136,46025,46925,47837,48762,49700,50650,51614,52591,53583,54589,55610,56646,57699,58768,59853,60957,62080
70,Guinea,Country/Area,8241,8417,8586,8753,8926,9110,9307,9518,9739,9964,10192,10420,10652,10893,11151,11432,11738,12068,12414,12771,13133,13896,13896,14298,14711,15137,15575,16024,16485,16957,17440,17935,18442,18959,19488,20029,20581,21144,21720,22309,22910,23525,24153,24796,25453,26125,26813,27516,28236,28973,29727,30499,31289,32097,32925,33772
71,Guinea-Bissau,Country/Area,1201,1227,1254,1283,1313,1345,1378,1412,1447,1484,1523,1563,1605,1648,1692,1737,1782,1828,1874,1921,1968,2068,2068,2120,2173,2227,2283,2339,2397,2456,2517,2578,2641,2705,2770,2837,2905,2974,3045,3117,3191,3266,3343,3421,3501,3582,3665,3750,3836,3924,4014,4105,4198,4293,4390,4489
72,Liberia,Country/Area,2848,2954,3025,3077,3136,3218,3329,3462,3608,3754,3891,4017,4136,4248,4360,4472,4587,4702,4819,4937,5058,5317,5317,5453,5594,5738,5885,6037,6193,6352,6515,6681,6852,7026,7203,7385,7569,7758,7951,8147,8348,8553,8763,8977,9195,9418,9646,9879,10117,10361,10610,10864,11125,11391,11664,11943
73,Mali,Country/Area,10946,11272,11617,11983,12369,12776,13203,13651,14114,14581,15049,15515,15979,16450,16934,17439,17965,18512,19078,19658,20251,21526,21526,22205,22910,23643,24402,25190,26006,26850,27724,28629,29563,30529,31525,32552,33610,34702,35826,36984,38178,39407,40674,41978,43323,44710,46139,47613,49134,50703,52324,53996,55723,57507,59348,61249
74,Mauritania,Country/Area,2630,2702,2778,2857,2939,3024,3112,3203,3296,3393,3494,3599,3707,3817,3931,4046,4164,4283,4403,4526,4650,4912,4912,5047,5185,5325,5469,5616,5766,5919,6075,6235,6398,6564,6734,6908,7085,7266,7451,7640,7833,8030,8231,8436,8646,8860,9079,9302,9530,9763,10001,10245,10493,10746,11006,11270
75,Niger,Country/Area,11332,11751,12190,12648,13126,13624,14144,14685,15251,15843,16464,17115,17795,18504,19240,20002,20789,21602,22443,23311,24207,26138,26138,27171,28248,29373,30545,31767,33040,34366,35748,37187,38686,40245,41866,43550,45300,47119,49009,50972,53012,55131,57333,59622,62000,64472,67042,69714,72491,75378,78380,81501,84746,88119,91627,95273
76,Nigeria,Country/Area,122284,125394,128596,131901,135320,138865,142538,146340,150270,154325,158503,162805,167229,171766,176405,181137,185960,190873,195875,200964,206140,217107,217107,222833,228723,234779,241005,247404,253981,260739,267684,274818,282144,289663,297375,305281,313383,321687,330194,338906,347827,356962,366314,375892,385703,395754,406051,416603,427414,438493,449847,461484,473411,485639,498177,511035
77,Saint Helena,Country/Area,6,6,6,6,5,5,5,5,5,5,5,5,5,6,6,6,6,6,6,6,6,6,6,6,6,6,6,6,6,6,6,6,6,6,6,6,6,6,6,6,6,6,6,6,6,6,6,6,6,5,5,5,5,5,5,5
78,Senegal,Country/Area,9798,10036,10284,10541,10810,11090,11382,11687,12005,12335,12678,13034,13402,13782,14175,14578,14994,15419,15854,16296,16744,17692,17692,18184,18689,19208,19740,20285,20846,21421,22011,22617,23238,23875,24529,25198,25885,26587,27307,28044,28797,29567,30355,31161,31984,32826,33686,34566,35466,36385,37326,38287,39271,40277,41306,42359
79,Sierra Leone,Country/Area,4585,4754,4966,5201,5434,5646,5829,5990,6134,6273,6416,6563,6713,6864,7017,7172,7329,7488,7650,7813,7977,8333,8333,8519,8710,8906,9106,9311,9520,9734,9951,10173,10398,10627,10860,11096,11335,11577,11823,12072,12325,12581,12841,13105,13374,13647,13925,14208,14496,14789,15089,15394,15705,16023,16346,16676
80,Togo,Country/Area,4924,5063,5197,5331,5468,5612,5763,5920,6083,6251,6422,6596,6774,6955,7138,7323,7510,7698,7889,8082,8279,8696,8696,8914,9138,9368,9604,9846,10094,10348,10608,10875,11147,11425,11709,11998,12293,12594,12900,13211,13528,13851,14180,14515,14857,15206,15562,15925,16296,16675,17062,17459,17864,18279,18703,19137
81,NORTHERN AFRICA AND WESTERN ASIA,SDG region,355882,362661,369599,376756,384203,391986,400126,408602,417355,426301,435367,444535,453795,463088,472347,481520,490571,499497,508326,517106,525869,544389,544389,553530,562620,571675,580710,589735,598761,607794,616841,625910,635011,644156,653361,662636,671988,681419,690926,700500,710137,719837,729603,739435,749330,759286,769306,779390,789541,799762,810057,820429,830880,841415,852037,862749
82,Northern Africa,Subregion,171323,174275,177265,180291,183343,186421,189522,192665,195906,199315,202940,206799,210870,215111,219459,223862,228307,232793,237294,241781,246233,255464,255464,260048,264629,269218,273826,278462,283134,287848,292611,297427,302303,307245,312258,317346,322514,327761,333084,338477,343937,349462,355053,360707,366423,372199,378034,383928,389880,395889,401953,408073,414253,420495,426804,433186
83,Algeria,Country/Area,31042,31452,31855,32264,32692,33150,33641,34167,34731,35334,35977,36661,37384,38140,38924,39728,40551,41389,42228,43053,43851,45465,45465,46241,47000,47744,48476,49197,49909,50611,51305,51993,52676,53358,54044,54737,55438,56148,56870,57606,58356,59123,59904,60701,61511,62332,63165,64007,64857,65711,66566,67421,68274,69125,69971,70810
84,Egypt,Country/Area,68832,70153,71485,72826,74172,75524,76874,78232,79636,81135,82761,84529,86422,88405,90425,92443,94447,96443,98424,100388,102334,106376,106376,108368,110355,112346,114351,116376,118428,120514,122637,124802,127013,129272,131582,133944,136360,138829,141346,143905,146498,149125,151786,154478,157200,159950,162728,165533,168366,171227,174116,177034,179983,182966,185989,189056
85,Libya,Country/Area,5358,5443,5531,5621,5710,5799,5887,5975,6059,6134,6198,6247,6286,6320,6362,6418,6492,6581,6679,6777,6871,7046,7046,7131,7214,7296,7375,7454,7530,7605,7679,7750,7820,7889,7956,8022,8087,8150,8213,8273,8332,8390,8446,8500,8552,8602,8650,8695,8738,8779,8817,8852,8885,8915,8943,8969
86,Morocco,Country/Area,28794,29126,29455,29783,30115,30456,30805,31164,31537,31929,32343,32782,33242,33716,34192,34664,35126,35581,36029,36472,36911,37803,37803,38240,38672,39098,39517,39929,40335,40734,41126,41511,41889,42260,42624,42980,43328,43669,44003,44329,44649,44962,45268,45568,45862,46151,46435,46714,46988,47257,47521,47780,48035,48284,48528,48766
87,Sudan,Country/Area,27275,27971,28705,29461,30214,30950,31662,32361,33061,33784,34545,35350,36194,37073,37978,38903,39847,40813,41802,42813,43849,46094,46094,47264,48466,49698,50961,52255,53580,54937,56324,57742,59192,60670,62178,63713,65276,66866,68482,70125,71792,73486,75205,76950,78723,80524,82354,84215,86108,88035,89998,91998,94037,96118,98242,100412
88,Tunisia,Country/Area,9708,9794,9871,9945,10022,10107,10201,10305,10414,10526,10635,10742,10847,10953,11063,11180,11304,11433,11565,11695,11819,12053,12053,12162,12266,12365,12460,12551,12637,12719,12797,12871,12941,13008,13073,13135,13196,13255,13312,13368,13423,13478,13531,13584,13635,13686,13735,13782,13828,13872,13914,13954,13991,14025,14057,14086
89,Western Sahara,Country/Area,314,337,363,391,417,438,452,462,469,474,480,488,496,505,515,526,539,553,567,582,597,626,626,641,656,670,685,700,714,729,744,758,772,787,801,815,830,844,858,872,885,899,913,927,940,954,968,981,994,1008,1021,1034,1048,1061,1074,1087
90,Western Asia,Subregion,184559,188386,192333,196466,200860,205564,210604,215937,221449,226986,232427,237736,242925,247977,252888,257658,262264,266704,271032,275325,279637,288925,288925,293482,297992,302458,306884,311273,315627,319946,324230,328483,332707,336911,341103,345289,349474,353658,357842,362022,366199,370375,374551,378728,382906,387088,391272,395462,399661,403874,408104,412355,416628,420921,425233,429563
91,Armenia,Country/Area,3070,3051,3034,3018,3001,2981,2958,2933,2908,2888,2877,2877,2884,2898,2912,2926,2936,2945,2952,2958,2963,2971,2971,2972,2972,2971,2969,2965,2961,2955,2949,2941,2933,2924,2915,2904,2894,2883,2871,2859,2847,2834,2821,2808,2795,2781,2767,2752,2738,2722,2707,2690,2674,2657,2639,2620
92,Azerbaijan,Country/Area,8123,8197,8277,8361,8449,8539,8630,8724,8822,8924,9032,9146,9265,9385,9506,9623,9736,9845,9950,10048,10139,10307,10307,10381,10451,10516,10577,10634,10688,10740,10790,10837,10883,10927,10969,11009,11047,11083,11117,11148,11175,11199,11220,11237,11251,11263,11271,11276,11278,11278,11275,11271,11264,11256,11246,11235
93,Bahrain,Country/Area,665,698,735,779,830,889,958,1036,1115,1185,1241,1278,1300,1315,1336,1372,1426,1494,1569,1641,1702,1768,1768,1802,1836,1870,1904,1936,1968,1999,2027,2054,2079,2102,2124,2144,2164,2184,2202,2220,2236,2253,2268,2283,2298,2312,2325,2338,2350,2362,2373,2384,2395,2405,2415,2424
94,Cyprus,Country/Area,943,960,977,994,1010,1028,1046,1064,1082,1098,1113,1125,1135,1144,1152,1161,1170,1180,1189,1199,1207,1223,1223,1230,1237,1243,1249,1255,1260,1265,1270,1274,1278,1281,1284,1287,1290,1292,1294,1296,1297,1298,1299,1300,1300,1300,1299,1299,1298,1296,1295,1293,1291,1288,1285,1282
95,Georgia,Country/Area,4362,4297,4259,4239,4226,4210,4190,4167,4143,4119,4099,4081,4064,4049,4035,4024,4015,4009,4003,3997,3989,3967,3967,3953,3939,3924,3908,3892,3875,3857,3839,3820,3802,3783,3764,3745,3725,3706,3687,3667,3648,3629,3610,3590,3571,3552,3532,3513,3494,3474,3454,3435,3415,3394,3374,3354
96,Iraq,Country/Area,23498,24208,24932,25645,26314,26922,27448,27911,28386,28973,29742,30725,31890,33157,34412,35572,36611,37553,38434,39310,40223,42304,42304,43363,44437,45524,46627,47748,48886,50045,51224,52426,53649,54894,56160,57445,58749,60073,61417,62780,64162,65563,66984,68425,69888,71373,72882,74414,75972,77556,79167,80806,82473,84170,85896,87653
97,Israel,Country/Area,5946,6061,6169,6278,6397,6529,6681,6847,7021,7190,7346,7487,7615,7735,7854,7978,8109,8244,8382,8519,8656,8927,8927,9063,9200,9337,9475,9614,9754,9895,10037,10181,10327,10474,10622,10773,10925,11079,11235,11393,11553,11715,11879,12045,12213,12383,12554,12728,12903,13080,13258,13438,13619,13802,13986,14172
98,Jordan,Country/Area,5122,5217,5318,5434,5580,5766,5992,6255,6556,6893,7262,7663,8090,8519,8919,9267,9554,9786,9965,10102,10203,10264,10264,10304,10353,10409,10475,10551,10639,10740,10854,10983,11125,11278,11439,11608,11782,11961,12143,12324,12504,12681,12854,13024,13191,13357,13520,13682,13841,13999,14155,14311,14466,14621,14775,14931
99,Kuwait,Country/Area,2045,2103,2137,2162,2200,2270,2374,2504,2656,2821,2992,3168,3349,3526,3691,3836,3957,4056,4137,4207,4271,4374,4374,4424,4474,4522,4570,4618,4665,4711,4756,4800,4844,4887,4929,4970,5011,5051,5089,5126,5162,5195,5226,5255,5281,5305,5325,5343,5359,5372,5384,5394,5403,5411,5419,5427
100,Lebanon,Country/Area,3843,3991,4182,4388,4569,4699,4760,4767,4765,4813,4953,5202,5538,5913,6261,6533,6714,6819,6859,6856,6825,6633,6633,6551,6476,6410,6353,6305,6267,6239,6223,6218,6222,6235,6254,6277,6302,6330,6359,6387,6413,6436,6455,6472,6488,6503,6517,6530,6542,6554,6565,6575,6585,6594,6602,6610
101,Oman,Country/Area,2268,2295,2335,2386,2446,2511,2581,2657,2751,2876,3041,3251,3498,3765,4027,4267,4479,4666,4829,4975,5107,5322,5322,5424,5524,5621,5716,5808,5896,5981,6062,6138,6211,6281,6350,6419,6489,6559,6630,6702,6774,6846,6919,6994,7070,7147,7227,7309,7392,7476,7559,7643,7726,7809,7891,7973
102,Qatar,Country/Area,592,615,641,682,753,865,1023,1218,1437,1655,1856,2036,2196,2337,2459,2566,2654,2725,2782,2832,2881,2982,2982,3032,3080,3128,3173,3218,3261,3303,3343,3382,3420,3457,3491,3524,3554,3583,3610,3636,3662,3687,3712,3737,3760,3784,3806,3828,3849,3870,3890,3909,3928,3946,3964,3980
103,Saudi Arabia,Country/Area,20664,21203,21805,22457,23133,23816,24498,25185,25889,26630,27421,28268,29155,30052,30917,31718,32443,33101,33703,34269,34814,35880,35880,36403,36915,37418,37909,38390,38860,39320,39771,40213,40646,41068,41477,41873,42256,42625,42983,43332,43676,44015,44347,44673,44991,45301,45601,45893,46175,46448,46710,46961,47203,47433,47654,47863
104,State of Palestine,Country/Area,3224,3310,3380,3442,3505,3578,3662,3756,3857,3958,4056,4150,4242,4334,4429,4529,4636,4747,4863,4981,5101,5364,5364,5499,5637,5778,5922,6068,6217,6369,6523,6680,6839,7001,7166,7332,7502,7673,7847,8023,8201,8382,8566,8752,8941,9132,9327,9524,9725,9929,10137,10347,10561,10779,11000,11225
105,Syrian Arab Republic,Country/Area,16411,16767,17085,17415,17828,18361,19059,19878,20664,21206,21363,21082,20439,19578,18711,17997,17466,17096,16945,17070,17501,19987,19987,21086,22105,23052,23931,24741,25481,26145,26730,27238,27678,28068,28434,28794,29156,29521,29890,30262,30636,31015,31401,31795,32192,32592,32995,33401,33808,34215,34621,35024,35426,35823,36217,36605
106,Turkey,Country/Area,63240,64192,65145,66089,67011,67903,68757,69582,70419,71321,72327,73443,74651,75925,77229,78529,79828,81116,82340,83430,84339,85294,85294,85786,86281,86775,87269,87765,88269,88786,89320,89872,90439,91010,91568,92103,92610,93091,93546,93978,94390,94780,95146,95490,95812,96112,96392,96650,96888,97106,97304,97482,97641,97781,97902,98004
107,United Arab Emirates,Country/Area,3134,3303,3479,3712,4069,4588,5300,6169,7089,7917,8550,8947,9142,9198,9214,9263,9361,9487,9631,9771,9890,10069,10069,10160,10251,10342,10430,10514,10589,10653,10702,10734,10750,10754,10752,10746,10738,10727,10713,10696,10676,10653,10628,10600,10568,10531,10488,10441,10394,10352,10318,10293,10278,10270,10268,10271
108,Yemen,Country/Area,17409,17918,18444,18985,19540,20107,20688,21283,21892,22516,23155,23808,24473,25147,25823,26498,27168,27835,28499,29162,29826,31289,31289,32048,32824,33617,34427,35252,36091,36945,37812,38691,39583,40488,41406,42336,43281,44238,45208,46191,47186,48194,49214,50248,51297,52362,53443,54541,55655,56786,57934,59099,60281,61481,62698,63933
109,CENTRAL AND SOUTHERN ASIA,SDG region,1511915,1539136,1566365,1593507,1620442,1647074,1673378,1699364,1725021,1750351,1775361,1800024,1824353,1848438,1872401,1896327,1920243,1944109,1967866,1991424,2014709,2062292,2062292,2085951,2109457,2132773,2155868,2178717,2201303,2223612,2245632,2267347,2288735,2309762,2330393,2350600,2370374,2389714,2408619,2427095,2445147,2462779,2480001,2496850,2513369,2529596,2545547,2561233,2576674,2591892,2606905,2621728,2636365,2650817,2665078,2679145
110,Central Asia,Subregion,55346,55864,56436,57060,57732,58450,59212,60024,60890,61816,62805,63857,64965,66116,67293,68480,69673,70867,72052,73212,74339,76598,76598,77668,78710,79730,80736,81733,82725,83717,84712,85714,86725,87749,88787,89842,90915,92005,93109,94224,95344,96470,97601,98733,99862,100985,102101,103210,104311,105407,106496,107580,108660,109739,110820,111907
111,Kazakhstan,Country/Area,14923,14910,14976,15100,15250,15403,15551,15702,15862,16043,16252,16491,16752,17026,17303,17572,17831,18080,18320,18551,18777,19234,19234,19446,19650,19848,20041,20232,20421,20611,20801,20993,21188,21387,21590,21797,22009,22226,22447,22672,22899,23130,23363,23597,23832,24067,24302,24536,24770,25001,25232,25460,25687,25913,26139,26364
112,Kyrgyzstan,Country/Area,4921,4963,4991,5014,5039,5075,5124,5184,5255,5335,5422,5518,5622,5731,5845,5959,6074,6190,6304,6416,6524,6739,6739,6842,6943,7043,7142,7241,7340,7438,7538,7637,7738,7840,7943,8048,8154,8262,8372,8483,8595,8709,8823,8938,9054,9171,9288,9406,9524,9642,9761,9879,9997,10116,10235,10354
113,Tajikistan,Country/Area,6216,6319,6427,6542,6662,6789,6923,7063,7210,7365,7527,7698,7875,8060,8253,8454,8664,8880,9101,9321,9538,9983,9983,10198,10411,10624,10839,11057,11279,11507,11740,11981,12229,12485,12750,13025,13309,13603,13905,14214,14528,14848,15173,15503,15836,16171,16509,16849,17193,17542,17896,18257,18623,18998,19382,19777
114,Turkmenistan,Country/Area,4516,4564,4610,4656,4703,4755,4810,4870,4936,5008,5087,5174,5268,5366,5466,5565,5662,5758,5851,5942,6031,6214,6214,6300,6385,6468,6549,6629,6708,6787,6865,6943,7020,7098,7176,7255,7336,7417,7499,7582,7665,7750,7834,7919,8004,8089,8173,8256,8339,8421,8501,8581,8659,8736,8812,8888
115,Uzbekistan,Country/Area,24770,25109,25431,25749,26078,26428,26804,27205,27627,28065,28516,28977,29449,29933,30426,30930,31442,31960,32476,32982,33469,34430,34430,34883,35321,35748,36165,36574,36976,37374,37769,38160,38550,38939,39328,39717,40107,40497,40886,41273,41656,42034,42408,42776,43136,43487,43829,44162,44486,44800,45106,45404,45693,45976,46252,46524
116,Southern Asia,Subregion,1456569,1483272,1509929,1536447,1562709,1588624,1614165,1639340,1664131,1688535,1712555,1736167,1759388,1782322,1805108,1827847,1850570,1873241,1895814,1918211,1940370,1985694,1985694,2008282,2030747,2053043,2075132,2096984,2118578,2139895,2160920,2181633,2202009,2222013,2241606,2260758,2279459,2297709,2315510,2332871,2349803,2366308,2382400,2398116,2413507,2428611,2443447,2458023,2472363,2486486,2500409,2514147,2527705,2541078,2554259,2567238
117,Afghanistan,Country/Area,20780,21607,22601,23681,24727,25654,26433,27101,27722,28395,29186,30117,31161,32270,33371,34414,35383,36296,37172,38042,38928,41005,41005,42111,43256,44439,45659,46914,48205,49532,50894,52292,53724,55186,56674,58185,59718,61272,62849,64447,66068,67711,69377,71072,72798,74559,76358,78197,80078,82006,83984,86014,88098,90236,92431,94684
118,Bangladesh,Country/Area,127658,130089,132478,134792,136986,139036,140921,142660,144304,145925,147575,149273,151006,152761,154517,156256,157977,159685,161377,163046,164689,168018,168018,169658,171276,172867,174427,175953,177444,178895,180305,181673,182995,184269,185493,186664,187780,188842,189849,190804,191706,192558,193357,194104,194800,195445,196040,196584,197078,197522,197916,198259,198553,198798,198994,199141
119,Bhutan,Country/Area,591,604,616,628,639,649,657,665,672,678,686,693,702,710,719,728,737,746,754,763,772,789,789,797,805,813,820,828,835,842,849,855,861,867,872,877,882,886,891,895,898,902,905,907,910,913,915,917,918,920,921,922,923,924,924,924
120,India,Country/Area,1056576,1075000,1093317,1111523,1129623,1147610,1165486,1183209,1200670,1217726,1234281,1250288,1265780,1280842,1295601,1310152,1324517,1338677,1352642,1366418,1380004,1407201,1407201,1420712,1434099,1447321,1460347,1473152,1485719,1498033,1510082,1521850,1533309,1544423,1555148,1565452,1575321,1584753,1593745,1602297,1610414,1618095,1625350,1632209,1638713,1644896,1650771,1656347,1661643,1666682,1671481,1676051,1680396,1684517,1688410,1692072
121,Iran (Islamic Republic of),Country/Area,65623,66449,67285,68123,68951,69762,70555,71336,72121,72925,73763,74635,75540,76482,77466,78492,79564,80674,81800,82914,83993,86040,86040,87001,87922,88805,89653,90466,91244,91987,92696,93371,94015,94632,95224,95795,96346,96879,97394,97893,98378,98847,99303,99743,100169,100579,100972,101348,101705,102039,102349,102633,102891,103119,103314,103471
122,Maldives,Country/Area,279,286,294,303,311,320,327,335,343,353,366,380,397,416,435,455,476,496,516,531,541,532,532,528,525,523,521,520,520,520,522,524,528,532,537,541,545,548,552,555,558,561,564,567,570,572,575,577,579,580,581,582,583,583,583,583
123,Nepal,Country/Area,23941,24347,24726,25081,25419,25745,26067,26383,26667,26884,27013,27041,26989,26917,26906,27015,27263,27633,28096,28609,29137,30363,30363,30907,31411,31878,32310,32708,33074,33407,33707,33977,34218,34436,34636,34822,34997,35161,35315,35458,35589,35709,35819,35920,36012,36097,36173,36242,36303,36354,36394,36425,36444,36453,36449,36433
124,Pakistan,Country/Area,142344,145978,149550,153093,156665,160304,164023,167808,171649,175526,179425,183340,187280,191261,195305,199427,203631,207906,212228,216565,220892,230164,230164,234911,239725,244604,249541,254535,259581,264676,269817,275004,280235,285513,290840,296218,301648,307132,312673,318278,323950,329691,335504,341391,347355,353399,359524,365731,372019,378389,384838,391368,397979,404667,411432,418270
125,Sri Lanka,Country/Area,18778,18912,19062,19224,19387,19545,19696,19842,19984,20124,20262,20398,20533,20663,20789,20908,21021,21128,21229,21324,21413,21581,21581,21657,21727,21792,21852,21907,21958,22005,22048,22087,22123,22155,22183,22205,22223,22235,22243,22245,22243,22235,22221,22203,22180,22152,22119,22081,22039,21994,21945,21893,21838,21780,21721,21660
126,EASTERN AND SOUTH-EASTERN ASIA,SDG region,2044789,2061763,2078182,2094162,2109844,2125348,2140698,2155915,2171102,2186376,2201807,2217430,2233184,2248917,2264410,2279490,2294101,2308228,2321770,2334623,2346709,2367293,2367293,2376269,2384373,2391610,2397989,2403524,2408230,2412125,2415227,2417550,2419107,2419903,2419943,2419234,2417792,2415636,2412791,2409284,2405141,2400387,2395040,2389123,2382656,2375661,2368163,2360191,2351773,2342940,2333721,2324145,2314239,2304042,2293589,2282917
127,Eastern Asia,Subregion,1519781,1529314,1538440,1547239,1555798,1564192,1572445,1580577,1588649,1596730,1604859,1613053,1621274,1629442,1637445,1645184,1652635,1659768,1666471,1672611,1678090,1685448,1685448,1687931,1689637,1690586,1690798,1690296,1689105,1687250,1684757,1681645,1677931,1673626,1668735,1663267,1657238,1650669,1643579,1635992,1627928,1619407,1610447,1601064,1591273,1581089,1570534,1559631,1548405,1536881,1525085,1513041,1500773,1488309,1475683,1462922
128,China,Country/Area,1290551,1299130,1307352,1315304,1323085,1330776,1338409,1345994,1353569,1361169,1368811,1376498,1384206,1391883,1399454,1406848,1414049,1421022,1427648,1433784,1439324,1447198,1447198,1450052,1452207,1453682,1454499,1454680,1454252,1453237,1451661,1449542,1446896,1443730,1440049,1435859,1431173,1426009,1420382,1414309,1407804,1400885,1393567,1385860,1377774,1369321,1360518,1351387,1341951,1332237,1322270,1312071,1301663,1291074,1280336,1269480
129,"China, Hong Kong SAR",Country/Area,6606,6665,6702,6725,6745,6770,6802,6840,6882,6925,6966,7007,7047,7089,7135,7186,7244,7306,7372,7436,7497,7577,7577,7621,7668,7715,7763,7808,7848,7883,7908,7925,7932,7931,7926,7917,7905,7891,7873,7852,7827,7800,7770,7737,7702,7665,7627,7587,7546,7504,7461,7419,7375,7332,7289,7245
130,"China, Macao SAR",Country/Area,428,438,449,460,472,483,494,505,515,526,538,551,564,577,590,602,613,623,632,640,649,667,667,675,683,690,698,704,711,717,722,728,733,737,741,745,749,753,756,759,761,764,766,768,770,772,773,775,776,777,777,778,778,779,779,779
131,"China, Taiwan Province of China",Country/Area,21967,22109,22262,22420,22570,22706,22824,22927,23019,23105,23188,23269,23347,23422,23492,23557,23618,23675,23726,23774,23817,23846,23846,23851,23847,23835,23814,23784,23745,23696,23637,23570,23492,23404,23305,23195,23073,22939,22795,22640,22474,22299,22114,21921,21720,21514,21302,21085,20863,20639,20411,20181,19950,19717,19482,19247
132,Dem. People's Republic of Korea,Country/Area,22929,23133,23339,23542,23733,23904,24055,24188,24310,24428,24549,24673,24801,24930,25058,25184,25308,25430,25550,25666,25779,25980,25980,26076,26166,26251,26329,26399,26461,26514,26559,26594,26620,26636,26642,26639,26627,26605,26575,26538,26493,26443,26387,26327,26262,26194,26123,26049,25974,25898,25820,25742,25663,25584,25505,25425
133,Japan,Country/Area,127524,127714,127893,128058,128204,128326,128423,128494,128539,128555,128542,128499,128424,128314,128169,127985,127763,127503,127202,126860,126476,125491,125491,124916,124290,123616,122899,122141,121346,120518,119660,118776,117868,116938,115989,115022,114039,113043,112037,111025,110010,108994,107977,106962,105949,104941,103937,102937,101941,100946,99950,98953,97954,96951,95942,94924
134,Mongolia,Country/Area,2397,2420,2443,2469,2496,2526,2559,2594,2632,2674,2720,2770,2825,2882,2940,2998,3056,3114,3170,3225,3278,3383,3383,3432,3481,3529,3575,3621,3667,3711,3756,3800,3845,3889,3934,3979,4024,4070,4116,4163,4210,4259,4307,4357,4407,4457,4509,4560,4612,4665,4717,4770,4823,4875,4928,4980
135,Republic of Korea,Country/Area,47379,47706,48000,48261,48493,48701,48880,49035,49182,49347,49546,49786,50061,50346,50608,50823,50983,51096,51172,51225,51269,51306,51306,51308,51296,51268,51223,51159,51077,50975,50853,50710,50546,50360,50148,49911,49648,49359,49045,48708,48347,47964,47559,47134,46689,46226,45746,45251,44740,44216,43678,43128,42567,41998,41422,40842
136,South-Eastern Asia,Subregion,525008,532450,539742,546923,554047,561156,568253,575338,582453,589646,596947,604377,611911,619474,626965,634306,641467,648460,655298,662012,668620,681845,681845,688339,694736,701023,707191,713228,719125,724875,730470,735905,741175,746277,751208,755968,760554,764967,769211,773292,777214,780980,784593,788059,791383,794572,797629,800560,803369,806059,808636,811103,813467,815732,817907,819996
137,Brunei Darussalam,Country/Area,333,340,347,353,359,365,370,375,379,384,389,394,399,404,410,415,420,424,429,433,437,446,446,450,453,457,461,464,467,470,473,476,478,481,483,485,487,489,490,491,493,494,495,495,496,496,496,496,496,496,496,495,494,493,492,491
138,Cambodia,Country/Area,12155,12405,12638,12856,13066,13273,13478,13680,13884,14094,14312,14541,14780,15026,15275,15521,15766,16009,16250,16487,16719,17188,17188,17416,17641,17862,18081,18298,18512,18725,18937,19147,19356,19565,19772,19979,20186,20391,20596,20799,21000,21200,21397,21592,21784,21974,22161,22346,22527,22706,22883,23056,23228,23396,23563,23728
139,Indonesia,Country/Area,211514,214427,217358,220309,223286,226289,229318,232374,235470,238621,241834,245116,248452,251805,255128,258383,261556,264651,267671,270626,273524,279278,279278,282092,284860,287581,290253,292875,295447,297968,300437,302854,305217,307523,309770,311954,314075,316133,318126,320054,321915,323710,325440,327107,328712,330259,331750,333186,334569,335904,337193,338438,339642,340810,341943,343046
140,Lao People's Democratic Republic,Country/Area,5324,5410,5493,5577,5662,5752,5846,5945,6047,6149,6249,6348,6445,6541,6640,6741,6846,6953,7061,7169,7276,7495,7495,7604,7714,7823,7932,8040,8148,8254,8360,8466,8570,8673,8775,8877,8977,9076,9174,9271,9367,9462,9556,9650,9742,9834,9925,10015,10104,10193,10280,10367,10452,10537,10620,10703
141,Malaysia,Country/Area,23194,23709,24208,24699,25191,25691,26202,26720,27236,27735,28208,28651,29068,29469,29867,30271,30685,31105,31528,31950,32366,33203,33203,33614,34019,34417,34806,35186,35556,35917,36267,36606,36935,37252,37557,37850,38130,38398,38655,38901,39137,39364,39581,39790,39991,40187,40376,40560,40738,40911,41079,41242,41400,41553,41700,41841
142,Myanmar,Country/Area,46720,47225,47702,48149,48564,48950,49301,49621,49930,50250,50601,50991,51414,51852,52281,52681,53045,53383,53708,54045,54410,55286,55286,55732,56178,56623,57065,57500,57926,58343,58748,59139,59516,59878,60223,60552,60864,61159,61437,61697,61941,62168,62379,62574,62755,62923,63079,63222,63355,63477,63592,63698,63797,63889,63975,64055
143,Philippines,Country/Area,77992,79673,81365,83052,84711,86326,87889,89405,90902,92414,93967,95570,97213,98872,100513,102113,103664,105173,106651,108117,109581,112630,112630,114170,115715,117262,118808,120352,121892,123428,124960,126487,128006,129514,131006,132480,133934,135368,136783,138180,139563,140929,142280,143616,144936,146243,147537,148817,150083,151335,152572,153794,155001,156196,157380,158554
144,Singapore,Country/Area,4029,4077,4104,4129,4177,4266,4402,4579,4776,4967,5131,5264,5369,5454,5526,5592,5654,5708,5758,5804,5850,5940,5940,5983,6023,6061,6096,6129,6159,6185,6209,6229,6247,6261,6271,6278,6282,6282,6279,6273,6264,6252,6238,6221,6201,6180,6156,6131,6105,6077,6048,6018,5987,5955,5923,5890
145,Thailand,Country/Area,62953,63539,64069,64550,64995,65416,65813,66182,66531,66867,67195,67518,67836,68145,68439,68715,68971,69210,69428,69626,69800,70074,70074,70181,70265,70326,70363,70375,70363,70325,70262,70173,70057,69915,69747,69551,69328,69079,68804,68503,68178,67829,67456,67062,66647,66213,65759,65289,64803,64303,63791,63268,62736,62196,61649,61099
146,Timor-Leste,Country/Area,884,901,923,947,972,995,1016,1036,1055,1074,1094,1113,1133,1153,1174,1196,1219,1243,1268,1293,1318,1375,1375,1406,1437,1470,1503,1537,1572,1607,1643,1680,1717,1755,1793,1831,1870,1909,1948,1987,2027,2068,2109,2151,2193,2237,2282,2328,2375,2423,2473,2525,2578,2633,2689,2747
147,Viet Nam,Country/Area,79910,80743,81534,82302,83063,83833,84618,85420,86243,87092,87968,88871,89802,90753,91714,92677,93640,94601,95546,96462,97339,98929,98929,99691,100429,101141,101823,102472,103083,103652,104174,104648,105076,105461,105811,106130,106421,106683,106920,107134,107328,107504,107662,107802,107923,108025,108108,108171,108213,108234,108230,108203,108151,108074,107972,107843
148,LATIN AMERICA AND THE CARIBBEAN,SDG region,521836,529213,536442,543544,550555,557501,564385,571202,577963,584678,591352,597995,604599,611144,617596,623934,630145,636233,642217,648121,653962,665934,665934,671815,677609,683303,688884,694337,699648,704803,709789,714598,719227,723678,727957,732068,736013,739789,743398,746843,750126,753249,756215,759030,761699,764227,766619,768876,771004,773006,774886,776648,778294,779828,781250,782565
149,Caribbean,Subregion,38102,38454,38792,39118,39435,39746,40049,40344,40635,40925,41217,41515,41815,42109,42381,42622,42828,43002,43164,43335,43532,44101,44101,44374,44642,44903,45157,45402,45638,45862,46073,46270,46454,46626,46790,46948,47100,47246,47385,47517,47641,47757,47866,47967,48061,48149,48229,48304,48372,48434,48491,48542,48588,48629,48666,48699
150,Anguilla,Country/Area,11,12,12,12,12,12,13,13,13,13,13,14,14,14,14,14,14,15,15,15,15,15,15,15,15,16,16,16,16,16,16,16,16,16,16,16,16,16,16,16,16,16,16,16,16,16,16,16,16,16,16,16,16,16,16,16
151,Antigua and Barbuda,Country/Area,76,77,78,79,80,81,83,84,85,87,88,89,90,92,93,94,95,95,96,97,98,100,100,100,101,102,102,103,104,104,105,105,106,106,107,107,108,108,108,109,109,109,109,109,110,110,110,110,110,110,110,110,110,110,110,110
152,Aruba,Country/Area,91,93,95,97,99,100,101,101,101,101,102,102,103,103,104,104,105,105,106,106,107,108,108,108,108,109,109,109,109,109,110,110,110,110,110,110,110,110,109,109,109,109,108,108,108,107,107,107,106,106,105,105,105,104,104,104
153,Bahamas,Country/Area,298,303,308,313,319,325,331,337,344,350,355,360,364,367,371,374,378,382,386,389,393,401,401,404,408,411,415,418,421,424,427,430,433,435,438,440,442,444,446,448,449,451,452,454,455,456,457,457,458,459,459,459,460,460,460,460
154,Barbados,Country/Area,272,272,273,274,275,276,277,279,280,281,282,283,284,284,285,285,286,286,287,287,287,288,288,288,288,288,288,288,288,288,287,287,287,286,285,285,284,283,282,281,280,279,277,276,275,273,271,270,268,266,265,263,261,259,257,255
155,"Bonaire, Sint Eustatius and Saba",Country/Area,14,14,14,14,14,14,15,17,18,20,21,22,23,24,24,25,25,25,26,26,26,27,27,27,27,27,27,27,28,28,28,28,28,28,28,28,28,29,29,29,29,29,29,29,29,29,29,29,29,29,29,29,29,29,29,29
156,British Virgin Islands,Country/Area,20,21,21,22,22,23,24,25,26,27,28,28,29,29,29,29,29,30,30,30,30,31,31,31,31,31,31,31,31,31,31,31,31,31,31,31,31,31,31,31,31,31,31,31,30,30,30,30,30,29,29,29,29,28,28,28
157,Cayman Islands,Country/Area,42,44,45,47,48,49,51,52,54,55,57,58,59,60,61,62,63,63,64,65,66,67,67,68,69,69,70,71,72,72,73,73,74,75,75,76,76,77,77,78,78,78,79,79,80,80,80,80,80,81,81,81,81,81,81,81
158,Cuba,Country/Area,11126,11165,11200,11229,11250,11262,11261,11251,11237,11227,11226,11237,11257,11283,11307,11325,11335,11339,11338,11333,11327,11304,11304,11290,11273,11253,11230,11205,11177,11145,11109,11070,11027,10981,10931,10879,10823,10765,10703,10638,10571,10500,10427,10351,10272,10191,10107,10020,9932,9842,9749,9656,9561,9465,9368,9272
159,Curaçao,Country/Area,132,130,129,128,129,130,133,137,141,145,149,152,155,157,158,160,161,162,163,163,164,166,166,166,167,167,168,169,169,169,170,170,171,171,171,171,172,172,172,172,172,172,172,172,172,171,171,171,171,171,170,170,170,170,169,169
160,Dominica,Country/Area,70,70,70,70,70,71,71,71,71,71,71,71,71,71,71,71,71,71,72,72,72,72,72,73,73,73,73,73,73,73,73,73,73,73,73,73,73,72,72,72,72,71,71,71,71,70,70,70,70,69,69,69,68,68,68,67
161,Dominican Republic,Country/Area,8471,8599,8725,8850,8974,9097,9219,9339,9458,9577,9695,9813,9931,10048,10165,10282,10398,10513,10627,10739,10848,11067,11067,11175,11280,11385,11487,11588,11687,11784,11880,11973,12065,12156,12244,12331,12415,12499,12580,12660,12738,12815,12890,12963,13035,13105,13174,13241,13307,13370,13432,13492,13551,13607,13662,13715
162,Grenada,Country/Area,103,103,104,104,104,105,105,105,105,106,106,107,107,108,109,110,110,111,111,112,113,114,114,114,115,115,115,116,116,116,117,117,117,117,117,117,118,118,118,118,118,118,118,118,118,118,118,118,118,118,118,118,118,118,118,117
163,Guadeloupe,Country/Area,422,420,416,411,406,403,402,402,404,405,406,406,404,403,401,400,400,400,400,400,400,399,399,399,399,399,399,399,399,399,400,400,400,400,400,400,399,399,398,398,397,396,395,394,393,391,390,389,388,386,385,384,383,381,380,379
164,Haiti,Country/Area,8464,8609,8754,8900,9047,9195,9345,9495,9647,9798,9949,10100,10251,10401,10549,10696,10840,10982,11123,11263,11403,11701,11701,11851,12001,12151,12302,12454,12606,12757,12909,13061,13212,13364,13516,13668,13821,13974,14127,14279,14431,14582,14732,14881,15030,15179,15327,15475,15622,15769,15914,16059,16203,16346,16488,16629
165,Jamaica,Country/Area,2655,2675,2693,2709,2725,2740,2754,2768,2782,2796,2810,2826,2842,2859,2875,2891,2906,2921,2935,2948,2961,2987,2987,2999,3010,3020,3030,3039,3047,3054,3060,3066,3070,3073,3076,3077,3077,3077,3075,3073,3070,3066,3060,3055,3048,3041,3033,3024,3014,3004,2994,2983,2971,2958,2945,2932
166,Martinique,Country/Area,387,390,393,395,396,397,398,398,398,397,395,392,388,385,381,378,377,376,376,376,375,374,374,373,372,371,370,369,368,367,366,365,364,362,361,360,358,356,354,352,350,348,345,343,340,337,334,332,329,325,322,319,316,314,311,308
167,Montserrat,Country/Area,5,5,4,5,5,5,5,5,5,5,5,5,5,5,5,5,5,5,5,5,5,5,5,5,5,5,5,5,5,5,5,5,5,5,5,5,5,5,5,5,5,5,5,5,4,4,4,4,4,4,4,4,4,4,4,4
168,Puerto Rico,Country/Area,3669,3670,3664,3654,3642,3632,3624,3616,3608,3597,3580,3560,3537,3504,3454,3382,3283,3164,3040,2933,2861,2882,2882,2889,2896,2902,2906,2908,2907,2901,2889,2871,2847,2819,2790,2761,2733,2705,2677,2649,2621,2592,2563,2533,2504,2473,2442,2410,2378,2345,2313,2280,2247,2213,2180,2147
169,Saint Barthélemy,Country/Area,7,8,8,8,8,9,9,9,9,9,9,9,9,10,10,10,10,10,10,10,10,10,10,10,10,10,10,10,10,10,10,10,10,10,10,10,10,10,10,11,11,11,11,11,11,11,11,11,11,11,11,11,11,11,11,11
170,Saint Kitts and Nevis,Country/Area,44,45,45,46,46,47,47,48,48,49,49,49,50,50,51,51,52,52,52,53,53,54,54,54,54,55,55,55,55,56,56,56,56,56,56,56,56,56,56,56,56,56,56,56,56,56,56,55,55,55,55,55,54,54,54,54
171,Saint Lucia,Country/Area,157,158,159,161,162,163,165,168,170,172,174,176,177,178,178,179,180,181,182,183,184,185,185,186,187,187,188,188,188,189,189,189,189,189,189,189,189,189,188,188,187,187,186,185,185,184,183,182,181,180,179,178,177,176,174,173
172,Saint Martin (French part),Country/Area,29,30,31,32,33,34,35,36,37,37,38,37,37,36,36,36,36,37,37,38,39,40,40,40,41,41,42,42,43,43,44,44,44,45,45,46,46,47,47,48,48,49,49,50,50,51,51,51,52,52,53,53,54,54,54,55
173,Saint Vincent and the Grenadines,Country/Area,108,108,108,108,109,109,109,109,108,108,108,108,108,109,109,109,109,110,110,111,111,112,112,112,112,112,113,113,113,113,114,114,114,114,114,114,114,114,114,114,114,113,113,113,113,112,112,112,111,111,111,110,110,109,109,108
174,Sint Maarten (Dutch part),Country/Area,33,33,33,33,33,33,33,33,33,34,34,35,36,38,39,40,41,41,42,42,43,44,44,45,45,46,46,47,47,48,48,48,49,49,50,50,50,51,51,51,52,52,52,52,53,53,53,53,54,54,54,54,55,55,55,55
175,Trinidad and Tobago,Country/Area,1267,1272,1277,1284,1290,1296,1303,1308,1314,1321,1328,1336,1345,1354,1362,1370,1378,1384,1390,1395,1399,1407,1407,1410,1412,1413,1414,1415,1415,1415,1414,1413,1411,1410,1407,1405,1402,1399,1395,1392,1388,1383,1378,1373,1368,1362,1356,1349,1343,1336,1329,1321,1314,1306,1298,1289
176,Turks and Caicos Islands,Country/Area,20,22,23,25,27,28,29,30,31,32,33,33,34,35,35,36,37,37,38,38,39,40,40,40,41,41,42,42,43,43,44,44,45,45,45,46,46,47,47,47,48,48,48,48,49,49,49,49,49,50,50,50,50,50,50,50
177,United States Virgin Islands,Country/Area,109,109,109,108,108,108,107,107,107,106,106,106,106,105,105,105,105,105,105,105,104,104,104,104,103,103,102,102,101,101,100,100,99,98,98,97,96,96,95,94,93,92,92,91,90,89,88,87,87,86,85,84,83,82,81,81
178,Central America,Subregion,135322,137426,139517,141617,143755,145951,148213,150533,152888,155249,157591,159908,162203,164473,166722,168949,171152,173327,175472,177587,179670,183952,183952,186087,188212,190325,192420,194495,196545,198567,200559,202517,204440,206327,208177,209990,211764,213499,215195,216852,218469,220047,221587,223088,224553,225983,227379,228740,230068,231364,232629,233863,235066,236240,237385,238500
179,Belize,Country/Area,247,255,262,269,277,284,291,299,307,315,322,330,338,346,353,361,368,376,383,390,398,413,413,420,428,436,443,451,458,466,473,480,487,495,502,509,515,522,529,535,542,548,555,561,567,573,579,585,591,596,602,607,613,619,624,629
180,Costa Rica,Country/Area,3962,4034,4101,4164,4225,4286,4345,4405,4463,4521,4577,4633,4688,4742,4795,4848,4899,4950,4999,5048,5094,5184,5184,5227,5269,5308,5346,5382,5417,5450,5481,5510,5537,5562,5586,5607,5627,5645,5661,5676,5688,5699,5709,5716,5722,5726,5729,5731,5731,5729,5726,5722,5717,5710,5703,5694
181,El Salvador,Country/Area,5888,5927,5962,5994,6024,6052,6079,6106,6132,6158,6184,6211,6238,6266,6295,6325,6356,6388,6421,6454,6486,6554,6554,6588,6622,6656,6689,6722,6754,6785,6814,6840,6864,6887,6908,6929,6948,6967,6985,7002,7016,7029,7040,7050,7058,7065,7070,7074,7077,7079,7079,7077,7075,7070,7065,7058
182,Guatemala,Country/Area,11651,11925,12209,12500,12797,13096,13397,13700,14006,14316,14630,14949,15271,15596,15923,16252,16583,16915,17248,17581,17916,18624,18624,18987,19354,19725,20100,20478,20857,21239,21622,22007,22392,22778,23165,23552,23938,24325,24712,25099,25486,25874,26262,26651,27041,27432,27825,28219,28614,29010,29409,29808,30209,30612,31015,31420
183,Honduras,Country/Area,6575,6752,6929,7106,7283,7459,7634,7809,7981,8151,8317,8481,8641,8799,8956,9113,9271,9429,9588,9746,9905,10238,10238,10408,10580,10752,10925,11099,11272,11445,11617,11788,11958,12126,12293,12458,12622,12784,12944,13103,13261,13417,13571,13724,13876,14026,14175,14323,14470,14615,14759,14902,15043,15183,15321,15458
184,Mexico,Country/Area,98900,100298,101685,103081,104515,106005,107560,109171,110815,112464,114093,115695,117274,118827,120355,121858,123333,124777,126191,127576,128933,131705,131705,133074,134429,135767,137085,138382,139656,140905,142128,143323,144489,145625,146730,147803,148844,149852,150827,151770,152680,153557,154401,155214,155996,156747,157469,158162,158825,159462,160071,160653,161210,161742,162249,162732
185,Nicaragua,Country/Area,5069,5145,5219,5292,5365,5439,5514,5590,5667,5746,5824,5903,5983,6062,6143,6223,6304,6385,6466,6546,6625,6783,6783,6865,6949,7035,7121,7207,7294,7380,7465,7549,7632,7714,7795,7875,7953,8031,8108,8183,8257,8330,8401,8472,8541,8608,8675,8740,8804,8866,8927,8987,9045,9103,9158,9213
186,Panama,Country/Area,3030,3090,3149,3209,3269,3330,3392,3454,3516,3579,3643,3706,3771,3835,3901,3968,4037,4107,4177,4246,4315,4450,4450,4516,4582,4646,4710,4773,4836,4898,4959,5020,5080,5140,5199,5258,5315,5372,5429,5484,5539,5594,5647,5700,5753,5805,5856,5907,5957,6007,6056,6105,6154,6202,6250,6297
187,South America,Subregion,348412,353333,358133,362810,367365,371805,376123,380325,384439,388503,392544,396572,400582,404562,408494,412363,416165,419904,423581,427199,430760,437882,437882,441354,444755,448076,451307,454441,457466,460374,463158,465812,468333,470725,472989,475130,477149,479044,480818,482474,484015,485444,486763,487975,489085,490096,491011,491832,492564,493207,493767,494244,494641,494959,495200,495366
188,Argentina,Country/Area,36871,37276,37682,38088,38492,38893,39290,39684,40080,40483,40896,41320,41755,42196,42638,43075,43508,43937,44361,44781,45196,46018,46018,46424,46827,47225,47619,48009,48395,48775,49151,49521,49887,50247,50602,50952,51296,51634,51968,52296,52620,52939,53254,53563,53869,54169,54466,54758,55045,55328,55606,55879,56147,56410,56668,56921
189,Bolivia (Plurinational State of),Country/Area,8418,8580,8743,8906,9069,9232,9395,9558,9721,9885,10049,10213,10378,10542,10707,10870,11032,11193,11353,11513,11673,12008,12008,12178,12350,12523,12696,12871,13046,13221,13396,13572,13747,13922,14097,14271,14444,14617,14788,14959,15130,15299,15468,15636,15803,15970,16137,16303,16468,16634,16799,16964,17128,17292,17457,17621
190,Brazil,Country/Area,174790,177196,179538,181809,184006,186127,188167,190130,192030,193887,195714,197515,199287,201036,202764,204472,206163,207834,209469,211050,212559,215384,215384,216703,217956,219143,220262,221312,222292,223201,224038,224802,225494,226114,226660,227134,227536,227867,228127,228316,228435,228487,228471,228390,228246,228042,227780,227460,227086,226659,226181,225655,225081,224462,223797,223088
191,Chile,Country/Area,15342,15516,15684,15850,16015,16183,16355,16530,16708,16886,17063,17234,17400,17572,17759,17969,18209,18470,18729,18952,19116,19156,19156,19184,19212,19240,19269,19299,19333,19375,19427,19490,19561,19636,19707,19769,19819,19859,19889,19911,19928,19939,19944,19942,19935,19922,19904,19881,19854,19822,19786,19747,19703,19655,19604,19550
192,Colombia,Country/Area,39630,40256,40875,41484,42076,42648,43201,43738,44255,44750,45223,45663,46076,46495,46968,47521,48175,48910,49661,50339,50883,51285,51285,51536,51813,52109,52419,52735,53051,53361,53659,53941,54205,54451,54681,54896,55095,55276,55440,55588,55720,55837,55937,56023,56094,56150,56192,56220,56234,56235,56223,56199,56163,56114,56054,55982
193,Ecuador,Country/Area,12681,12915,13143,13370,13596,13826,14059,14297,14536,14774,15011,15244,15474,15707,15952,16212,16491,16785,17084,17374,17643,18096,18096,18326,18559,18793,19028,19263,19499,19734,19967,20200,20430,20659,20886,21111,21334,21556,21775,21992,22207,22419,22630,22838,23044,23248,23450,23651,23849,24045,24239,24431,24622,24810,24996,25180
194,Falkland Islands (Malvinas),Country/Area,3,3,3,3,3,3,3,3,3,3,3,3,3,3,3,3,3,3,3,3,3,3,3,3,3,3,3,3,3,3,3,3,3,3,3,3,3,3,3,3,3,3,3,3,3,3,3,3,3,3,3,3,3,3,3,3
195,French Guiana,Country/Area,163,170,179,187,195,203,210,216,222,228,233,238,244,249,255,261,268,275,283,291,299,314,314,323,331,339,348,356,365,374,382,391,401,410,419,429,438,448,457,467,477,487,497,507,517,527,537,548,558,569,580,591,602,614,625,637
196,Guyana,Country/Area,747,745,745,745,746,746,746,746,747,748,749,752,755,759,763,767,771,775,779,783,787,794,794,799,803,807,812,816,820,824,828,832,835,839,842,844,847,849,851,853,855,856,858,859,860,861,862,863,863,864,864,864,864,864,864,864
197,Paraguay,Country/Area,5323,5428,5532,5633,5731,5824,5913,5998,6081,6164,6248,6334,6422,6510,6600,6689,6778,6867,6956,7045,7133,7314,7314,7405,7496,7586,7676,7766,7855,7943,8031,8117,8204,8289,8373,8456,8538,8618,8698,8777,8854,8931,9007,9082,9156,9230,9303,9375,9446,9517,9586,9655,9723,9791,9857,9923
198,Peru,Country/Area,26460,26799,27101,27372,27624,27866,28102,28333,28562,28793,29028,29264,29507,29774,30090,30471,30926,31444,31989,32510,32972,33603,33603,33928,34256,34587,34917,35247,35575,35899,36218,36532,36840,37141,37435,37723,38003,38276,38542,38802,39057,39307,39553,39793,40028,40257,40481,40700,40913,41121,41324,41523,41716,41904,42087,42265
199,Suriname,Country/Area,471,477,482,488,494,499,505,511,517,523,529,535,541,547,553,559,565,571,576,581,587,597,597,603,608,613,618,623,628,633,637,642,646,651,655,659,663,667,671,674,678,681,684,688,691,694,697,700,702,705,708,710,713,715,718,720
200,Uruguay,Country/Area,3320,3325,3326,3324,3321,3322,3325,3332,3340,3350,3359,3369,3379,3389,3400,3412,3424,3437,3449,3462,3474,3495,3495,3506,3516,3525,3534,3543,3551,3559,3566,3573,3579,3584,3590,3594,3598,3602,3605,3607,3609,3611,3612,3613,3613,3613,3613,3612,3612,3610,3609,3607,3604,3602,3599,3595
201,Venezuela (Bolivarian Republic of),Country/Area,24192,24646,25100,25552,25997,26432,26850,27248,27636,28031,28440,28888,29361,29781,30043,30082,29851,29402,28887,28516,28436,29812,29812,30437,31026,31582,32106,32597,33054,33474,33854,34195,34501,34779,35039,35290,35534,35773,36005,36228,36442,36647,36846,37039,37226,37408,37586,37760,37930,38096,38258,38416,38571,38723,38871,39016
202,AUSTRALIA/NEW ZEALAND,SDG region,22850,23103,23365,23646,23960,24314,24712,25149,25610,26074,26525,26957,27372,27773,28164,28547,28922,29287,29641,29986,30322,30956,30956,31266,31572,31873,32168,32458,32743,33023,33298,33568,33834,34094,34350,34600,34845,35086,35323,35556,35787,36016,36242,36467,36690,36912,37133,37352,37570,37786,38002,38216,38428,38640,38850,39058
203,Australia,Country/Area,18991,19195,19401,19624,19880,20179,20526,20916,21332,21751,22155,22538,22904,23255,23596,23932,24263,24585,24898,25203,25500,26059,26059,26333,26603,26868,27129,27387,27640,27889,28134,28375,28613,28848,29078,29305,29527,29746,29962,30176,30388,30599,30809,31017,31225,31432,31638,31843,32048,32252,32455,32657,32858,33058,33256,33454
204,New Zealand,Country/Area,3859,3908,3963,4022,4080,4135,4186,4233,4278,4323,4370,4419,4468,4519,4568,4615,4659,4702,4743,4783,4822,4897,4897,4934,4969,5004,5039,5072,5104,5135,5164,5193,5220,5247,5271,5295,5318,5340,5360,5380,5399,5416,5434,5450,5466,5481,5495,5509,5522,5535,5547,5559,5571,5582,5593,5605
205,OCEANIA (EXCLUDING AUSTRALIA AND NEW ZEALAND),SDG region,8575,8735,8890,9045,9206,9376,9559,9752,9951,10151,10348,10542,10732,10922,11115,11312,11514,11720,11930,12142,12356,12806,12806,13038,13274,13515,13759,14007,14258,14512,14770,15030,15293,15559,15828,16099,16372,16648,16926,17207,17490,17776,18065,18356,18651,18948,19249,19554,19862,20175,20491,20812,21137,21468,21802,22142
206,Melanesia,Subregion,7473,7623,7769,7915,8068,8232,8410,8600,8796,8994,9188,9377,9562,9746,9932,10122,10316,10514,10715,10919,11123,11552,11552,11773,11998,12227,12459,12695,12935,13178,13423,13672,13924,14178,14435,14695,14957,15222,15489,15759,16031,16306,16584,16865,17149,17436,17726,18020,18318,18620,18926,19237,19551,19871,20195,20524
207,Fiji,Country/Area,811,814,815,816,818,822,828,836,845,854,860,863,865,866,866,869,872,877,883,890,896,910,910,917,925,933,941,950,958,966,975,983,991,999,1007,1015,1022,1030,1038,1046,1053,1061,1068,1076,1083,1091,1098,1105,1113,1120,1128,1135,1143,1150,1158,1165
208,New Caledonia,Country/Area,217,221,225,229,233,236,240,243,247,250,254,257,261,264,268,271,274,277,280,283,285,291,291,294,296,299,301,304,306,309,311,313,316,318,320,322,324,326,328,330,331,333,334,336,337,338,340,341,342,343,344,344,345,346,347,347
209,Papua New Guinea,Country/Area,5848,5975,6099,6223,6354,6495,6647,6809,6976,7145,7311,7472,7631,7788,7947,8108,8272,8438,8606,8776,8947,9305,9305,9490,9678,9868,10062,10258,10457,10659,10863,11069,11278,11489,11702,11916,12132,12350,12570,12792,13015,13241,13468,13697,13929,14163,14399,14639,14881,15125,15373,15624,15878,16136,16397,16662
210,Solomon Islands,Country/Area,413,424,435,447,459,470,481,492,503,515,528,542,556,571,587,603,619,636,653,670,687,723,723,742,761,780,800,821,842,863,886,908,932,956,981,1006,1032,1059,1087,1115,1144,1174,1204,1236,1268,1300,1334,1369,1404,1440,1478,1516,1555,1596,1637,1680
211,Vanuatu,Country/Area,185,189,194,199,204,209,214,219,225,230,236,243,250,257,264,271,278,285,293,300,307,322,322,330,338,346,354,363,371,380,389,398,407,417,426,436,446,456,467,477,488,498,509,521,532,543,555,567,579,592,604,617,630,643,656,670
212,Micronesia,Subregion,485,489,492,495,497,498,499,500,501,502,504,506,510,514,518,523,528,533,538,543,549,560,560,566,572,578,584,591,597,603,609,614,620,626,631,637,642,648,653,658,663,668,673,678,683,688,692,697,702,707,712,717,722,727,732,737
213,Guam,Country/Area,155,156,157,158,158,158,159,159,159,159,159,160,160,160,161,162,163,164,166,167,169,171,171,173,174,175,177,178,179,180,182,183,184,185,186,187,187,188,189,190,190,191,192,192,193,193,194,194,195,195,195,196,196,197,197,197
214,Kiribati,Country/Area,84,86,87,89,90,92,94,97,99,101,103,105,106,108,109,111,113,114,116,118,119,124,124,126,128,130,132,134,136,139,141,143,145,147,149,151,153,156,158,160,162,165,167,170,172,175,177,180,182,185,187,190,193,195,198,201
215,Marshall Islands,Country/Area,51,51,52,53,54,55,56,56,56,56,56,57,57,57,57,57,58,58,58,59,59,60,60,61,61,62,63,64,65,66,67,68,69,69,70,71,72,73,74,75,76,77,78,79,80,81,82,83,84,85,86,87,87,88,89,90
216,Micronesia (Fed. States of),Country/Area,107,107,107,107,107,106,105,104,104,103,103,103,105,106,107,109,110,111,113,114,115,118,118,119,120,122,123,125,126,128,129,130,132,133,134,135,137,138,139,140,141,142,143,144,145,146,147,148,149,150,151,153,154,155,156,157
217,Nauru,Country/Area,10,10,10,10,10,10,10,10,10,10,10,10,10,10,10,10,10,11,11,11,11,11,11,11,11,11,11,11,11,11,11,11,11,11,11,11,11,11,11,12,12,12,12,12,12,12,12,12,12,12,12,12,12,12,12,12
218,Northern Mariana Islands,Country/Area,57,58,58,58,57,57,56,55,55,54,54,54,54,55,55,56,56,57,57,57,58,58,58,59,59,59,60,60,61,61,61,62,62,62,62,63,63,63,63,63,63,63,63,63,63,63,63,62,62,62,62,62,62,62,62,61
219,Palau,Country/Area,19,19,20,20,20,20,20,19,19,18,18,18,18,18,18,18,18,18,18,18,18,18,18,18,18,18,18,18,18,18,18,19,19,19,19,18,18,18,18,18,18,18,18,18,18,18,18,18,18,18,18,18,18,18,17,17
220,Polynesia,Subregion,616,623,630,636,641,646,649,652,654,655,657,659,660,662,665,667,670,673,676,680,684,694,694,699,704,710,715,721,726,732,738,743,749,755,761,767,773,778,784,790,796,802,808,813,819,825,831,836,842,848,853,859,865,870,876,881
221,American Samoa,Country/Area,58,58,59,59,60,60,59,58,57,57,56,56,56,56,56,56,56,56,55,55,55,55,55,55,55,55,55,55,55,55,55,55,55,55,55,56,56,56,56,56,56,56,56,56,56,56,56,56,56,56,57,57,57,57,57,57
222,Cook Islands,Country/Area,18,18,18,19,19,19,19,19,19,19,18,18,18,18,18,18,18,18,18,18,18,18,18,18,18,18,18,18,18,18,18,18,18,18,18,18,18,18,18,18,18,18,18,18,18,18,18,18,18,18,18,18,18,18,18,18
223,French Polynesia,Country/Area,241,245,249,253,256,259,261,263,264,265,266,268,269,270,272,273,275,276,278,279,281,284,284,286,288,289,291,292,294,295,297,298,300,301,302,303,304,305,306,306,307,308,308,308,309,309,309,309,309,309,309,309,308,308,308,307
224,Niue,Country/Area,2,2,2,2,2,2,2,2,2,2,2,2,2,2,2,2,2,2,2,2,2,2,2,2,2,2,2,2,2,2,2,2,2,2,2,2,2,2,2,2,2,2,2,2,2,2,2,2,2,2,2,2,2,2,2,2
225,Samoa,Country/Area,174,175,176,177,179,180,181,182,183,185,186,187,189,191,192,194,195,195,196,197,198,203,203,206,208,210,213,216,218,221,224,227,230,233,236,239,242,246,249,253,256,260,264,267,271,275,279,283,287,291,295,299,303,308,312,316
226,Tokelau,Country/Area,2,2,1,1,1,1,1,1,1,1,1,1,1,1,1,1,1,1,1,1,1,1,1,1,1,1,1,1,1,1,1,1,2,2,2,2,2,2,2,2,2,2,2,2,2,2,2,2,2,2,2,2,2,2,2,2
227,Tonga,Country/Area,98,98,99,100,100,101,102,103,103,104,104,104,103,102,101,101,101,102,103,104,106,108,108,109,110,111,112,113,115,116,117,119,120,121,123,124,125,127,128,130,131,133,134,136,137,138,140,141,143,144,146,147,149,150,152,153
228,Tuvalu,Country/Area,9,9,10,10,10,10,10,10,10,10,11,11,11,11,11,11,11,11,12,12,12,12,12,12,12,13,13,13,13,13,13,13,14,14,14,14,14,14,15,15,15,15,15,16,16,16,16,16,17,17,17,17,17,18,18,18
229,Wallis and Futuna Islands,Country/Area,15,15,15,15,15,15,15,14,14,13,13,12,12,12,12,12,12,12,12,11,11,11,11,11,11,11,11,11,10,10,10,10,10,10,10,10,10,10,10,10,10,10,10,9,9,9,9,9,9,9,9,9,9,9,9,8
230,EUROPE AND NORTHERN AMERICA,SDG region,1037985,1041388,1044898,1048567,1052449,1056575,1060972,1065607,1070369,1075106,1079700,1084102,1088319,1092366,1096283,1100090,1103793,1107357,1110715,1113784,1116506,1119831,1119831,1121114,1122149,1122940,1123492,1123812,1123907,1123783,1123447,1122908,1122172,1121243,1120128,1118834,1117365,1115732,1113945,1112016,1109958,1107778,1105484,1103083,1100581,1097986,1095304,1092543,1089711,1086815,1083863,1080861,1077816,1074733,1071619,1068478
231,EUROPE,SDG subregion,725558,725772,726312,727134,728150,729288,730547,731939,733416,734923,736413,737851,739225,740542,741818,743059,744269,745415,746419,747183,747636,746670,746670,745841,744800,743560,742130,740524,738750,736819,734740,732523,730176,727711,725137,722465,719702,716854,713929,710934,707875,704758,701586,698361,695083,691750,688367,684937,681459,677933,674360,670742,667082,663383,659647,655876
232,Eastern Europe,Subregion,303918,302545,301148,299793,298558,297501,296647,295988,295500,295141,294873,294691,294590,294534,294479,294391,294252,294056,293790,293445,293013,291576,291576,290679,289674,288572,287378,286100,284744,283314,281817,280258,278645,276988,275295,273575,271834,270077,268310,266540,264771,263007,261251,259502,257762,256030,254306,252590,250880,249169,247455,245737,244013,242280,240535,238774
233,Belarus,Country/Area,9872,9811,9746,9679,9617,9562,9517,9481,9453,9433,9421,9415,9417,9424,9432,9439,9446,9450,9453,9452,9449,9421,9421,9400,9376,9349,9318,9285,9248,9208,9166,9121,9074,9025,8974,8922,8869,8815,8761,8707,8652,8598,8544,8491,8438,8385,8333,8282,8231,8180,8129,8078,8028,7977,7926,7875
234,Bulgaria,Country/Area,7998,7931,7866,7804,7745,7687,7631,7577,7524,7474,7425,7379,7334,7290,7246,7200,7152,7102,7052,7000,6948,6835,6835,6776,6716,6654,6591,6527,6463,6397,6330,6262,6194,6125,6056,5987,5918,5850,5781,5713,5646,5579,5513,5447,5382,5318,5254,5190,5127,5064,5002,4939,4877,4815,4753,4691
235,Czechia,Country/Area,10289,10271,10252,10239,10239,10258,10299,10358,10425,10488,10537,10567,10581,10587,10591,10601,10619,10641,10666,10689,10709,10723,10723,10723,10719,10711,10699,10684,10665,10642,10617,10588,10557,10523,10488,10452,10414,10376,10338,10299,10261,10224,10187,10150,10114,10078,10043,10007,9972,9936,9899,9862,9823,9784,9744,9702
236,Hungary,Country/Area,10221,10193,10167,10141,10114,10086,10056,10024,9992,9959,9927,9896,9864,9834,9805,9778,9753,9730,9708,9685,9660,9592,9592,9553,9513,9469,9423,9374,9323,9270,9214,9155,9095,9033,8969,8903,8836,8768,8699,8629,8559,8489,8419,8348,8278,8209,8139,8070,8002,7933,7865,7797,7729,7661,7593,7525
237,Poland,Country/Area,38557,38530,38489,38442,38400,38369,38354,38353,38357,38352,38330,38287,38227,38158,38091,38034,37989,37953,37922,37888,37847,37694,37694,37592,37474,37341,37192,37028,36851,36660,36456,36239,36011,35772,35523,35265,34998,34724,34443,34156,33864,33568,33267,32964,32659,32351,32043,31733,31422,31110,30797,30483,30169,29853,29535,29215
238,Republic of Moldova,Country/Area,4203,4187,4178,4173,4168,4159,4146,4130,4113,4098,4086,4079,4076,4075,4073,4071,4066,4060,4052,4043,4034,4009,4009,3994,3977,3958,3938,3916,3893,3868,3841,3813,3783,3753,3721,3688,3654,3619,3583,3547,3509,3472,3434,3395,3356,3317,3277,3238,3197,3157,3116,3074,3032,2990,2948,2905
239,Romania,Country/Area,22137,21989,21853,21720,21578,21417,21234,21034,20830,20638,20472,20337,20227,20133,20036,19925,19796,19654,19506,19365,19238,19029,19029,18922,18812,18700,18587,18470,18352,18230,18106,17979,17849,17717,17582,17446,17308,17169,17028,16885,16742,16598,16453,16307,16160,16013,15866,15717,15569,15419,15269,15119,14967,14816,14663,14511
240,Russian Federation,Country/Area,146405,145831,145216,144611,144081,143672,143403,143266,143249,143327,143479,143703,143994,144325,144665,144985,145275,145530,145734,145872,145934,145661,145661,145415,145105,144738,144320,143855,143348,142805,142227,141621,140991,140343,139682,139015,138344,137672,137004,136342,135690,135050,134421,133805,133199,132604,132018,131441,130870,130302,129733,129163,128591,128015,127431,126839
241,Slovakia,Country/Area,5399,5400,5400,5400,5399,5399,5399,5399,5399,5401,5404,5409,5415,5422,5429,5436,5442,5448,5453,5457,5460,5453,5453,5446,5437,5426,5412,5396,5378,5358,5336,5312,5285,5257,5227,5196,5163,5129,5094,5058,5021,4983,4945,4906,4868,4828,4789,4750,4710,4670,4630,4590,4550,4509,4468,4426
242,Ukraine,Country/Area,48838,48402,47980,47582,47217,46891,46607,46366,46159,45971,45792,45620,45454,45287,45112,44922,44714,44488,44246,43994,43734,43160,43160,42857,42546,42226,41898,41564,41223,40876,40524,40167,39805,39440,39072,38701,38329,37955,37580,37204,36826,36447,36068,35688,35307,34926,34545,34163,33781,33398,33015,32630,32245,31860,31473,31086
243,Northern Europe,Subregion,94454,94727,95008,95335,95757,96307,97002,97821,98708,99586,100398,101123,101774,102369,102943,103519,104101,104677,105237,105769,106261,107017,107017,107364,107690,107996,108281,108546,108791,109013,109215,109395,109555,109697,109823,109935,110035,110123,110201,110271,110335,110393,110447,110495,110536,110571,110598,110618,110631,110634,110629,110614,110591,110559,110519,110474
244,Channel Islands,Country/Area,148,149,150,150,151,152,153,155,156,158,160,161,162,163,164,165,167,169,170,172,174,176,176,177,178,179,180,181,182,182,183,184,185,185,186,186,187,187,188,188,188,189,189,189,189,189,189,189,189,189,189,189,189,189,189,189
245,Denmark,Country/Area,5341,5358,5373,5387,5403,5422,5444,5470,5498,5526,5555,5583,5611,5638,5664,5689,5711,5732,5752,5772,5792,5830,5830,5848,5866,5882,5898,5913,5926,5939,5950,5960,5968,5976,5982,5987,5991,5994,5996,5997,5998,5998,5997,5996,5995,5994,5993,5991,5989,5988,5987,5986,5985,5984,5984,5984
246,Estonia,Country/Area,1399,1392,1383,1373,1364,1356,1349,1344,1340,1336,1332,1328,1323,1319,1316,1315,1317,1319,1323,1326,1327,1318,1318,1312,1307,1300,1294,1286,1279,1271,1263,1255,1246,1237,1228,1219,1210,1200,1191,1182,1173,1163,1154,1145,1135,1126,1116,1107,1097,1088,1078,1069,1059,1049,1039,1030
247,Faroe Islands,Country/Area,47,47,47,47,48,48,48,48,48,48,48,48,48,48,48,48,48,48,48,49,49,49,49,49,50,50,50,50,50,51,51,51,51,51,52,52,52,52,52,52,53,53,53,53,53,53,53,53,54,54,54,54,54,54,54,55
248,Finland,Country/Area,5188,5200,5213,5227,5242,5259,5277,5298,5319,5342,5366,5390,5415,5439,5461,5481,5498,5511,5523,5532,5541,5556,5556,5562,5566,5569,5571,5571,5570,5567,5562,5557,5550,5541,5531,5520,5508,5495,5482,5468,5453,5438,5422,5407,5391,5375,5359,5343,5327,5312,5296,5280,5264,5249,5234,5218
249,Iceland,Country/Area,280,283,285,288,291,295,300,305,311,316,320,323,326,327,329,330,332,334,337,339,341,345,345,347,349,351,353,354,356,358,359,360,362,363,364,365,366,367,367,368,369,369,370,370,370,370,371,371,371,371,370,370,370,370,370,369
250,Ireland,Country/Area,3783,3842,3908,3980,4058,4141,4231,4325,4416,4495,4554,4591,4608,4615,4627,4652,4696,4753,4819,4882,4938,5013,5013,5047,5079,5110,5139,5166,5193,5218,5242,5266,5289,5311,5333,5354,5375,5396,5416,5436,5456,5475,5493,5511,5528,5544,5559,5573,5585,5596,5606,5614,5621,5626,5630,5632
251,Isle of Man,Country/Area,77,78,78,79,80,80,81,82,84,84,85,85,85,84,83,83,83,84,84,85,85,86,86,86,86,86,87,87,87,87,87,87,87,88,88,88,88,88,88,88,88,88,88,88,87,87,87,87,87,87,87,86,86,86,86,86
252,Latvia,Country/Area,2384,2359,2333,2306,2279,2252,2225,2198,2171,2145,2119,2094,2069,2045,2021,1998,1974,1951,1928,1907,1886,1848,1848,1829,1810,1792,1773,1755,1737,1719,1701,1683,1666,1648,1630,1613,1597,1580,1564,1548,1532,1517,1502,1487,1473,1459,1445,1431,1418,1405,1392,1379,1366,1353,1340,1327
253,Lithuania,Country/Area,3502,3474,3445,3414,3381,3344,3303,3259,3213,3167,3124,3083,3046,3009,2971,2932,2890,2845,2801,2760,2722,2662,2662,2633,2606,2580,2554,2528,2503,2478,2453,2428,2403,2377,2351,2326,2300,2275,2250,2225,2200,2176,2152,2129,2106,2084,2062,2040,2019,1998,1978,1957,1937,1916,1896,1876
254,Norway,Country/Area,4499,4523,4546,4570,4598,4632,4673,4719,4771,4827,4886,4948,5014,5079,5142,5200,5251,5296,5338,5379,5421,5508,5508,5550,5592,5634,5674,5713,5752,5789,5825,5860,5894,5927,5958,5989,6018,6046,6073,6099,6124,6149,6172,6195,6217,6238,6258,6278,6297,6316,6334,6351,6368,6385,6401,6417
255,Sweden,Country/Area,8882,8898,8921,8951,8991,9039,9096,9163,9236,9313,9390,9467,9543,9618,9692,9765,9836,9905,9972,10036,10099,10210,10210,10262,10311,10357,10401,10443,10482,10519,10553,10584,10612,10639,10664,10688,10711,10734,10756,10778,10801,10824,10847,10871,10895,10919,10944,10968,10992,11016,11039,11062,11085,11107,11128,11148
256,United Kingdom,Country/Area,58923,59124,59326,59561,59873,60288,60821,61455,62145,62829,63460,64022,64525,64984,65423,65860,66298,66727,67142,67530,67886,68417,68417,68660,68890,69106,69309,69498,69673,69835,69984,70120,70243,70354,70456,70549,70633,70709,70778,70842,70901,70956,71007,71054,71096,71131,71161,71186,71204,71215,71219,71216,71206,71190,71169,71143
257,Southern Europe,Subregion,144847,145542,146478,147562,148662,149676,150579,151383,152066,152613,153016,153255,153334,153292,153188,153065,152937,152796,152638,152447,152215,151522,151522,151103,150639,150135,149594,149018,148412,147778,147119,146437,145733,145006,144256,143482,142683,141861,141014,140140,139238,138306,137347,136357,135335,134282,133196,132078,130931,129755,128552,127324,126073,124800,123508,122200
258,Albania,Country/Area,3129,3130,3126,3118,3105,3087,3063,3034,3003,2973,2948,2929,2914,2904,2896,2891,2886,2884,2883,2881,2878,2865,2865,2859,2851,2843,2834,2824,2813,2802,2790,2777,2764,2749,2734,2718,2700,2682,2662,2642,2620,2598,2576,2553,2530,2506,2482,2457,2433,2408,2383,2359,2334,2309,2284,2259
259,Andorra,Country/Area,65,67,70,73,76,79,81,83,84,84,84,84,82,81,79,78,77,77,77,77,77,78,78,78,78,78,78,78,78,78,78,78,77,77,77,77,77,77,77,76,76,76,76,75,75,74,74,74,73,73,72,71,71,70,69,69
260,Bosnia and Herzegovina,Country/Area,3751,3756,3759,3762,3764,3765,3765,3763,3754,3736,3705,3661,3605,3543,3482,3429,3386,3352,3324,3301,3281,3254,3254,3239,3223,3206,3188,3169,3149,3128,3106,3083,3059,3034,3009,2982,2955,2927,2899,2870,2840,2810,2779,2748,2716,2685,2652,2620,2587,2555,2522,2489,2457,2424,2392,2360
261,Croatia,Country/Area,4428,4408,4396,4389,4384,4378,4371,4362,4353,4341,4328,4313,4296,4277,4256,4233,4209,4183,4156,4130,4105,4058,4058,4034,4009,3983,3956,3929,3901,3873,3843,3813,3783,3752,3720,3688,3655,3622,3588,3553,3519,3484,3449,3413,3378,3342,3307,3271,3235,3200,3165,3129,3094,3059,3024,2989
262,Gibraltar,Country/Area,31,32,32,33,33,33,33,34,34,34,34,34,34,34,34,34,34,34,34,34,34,34,34,34,34,34,34,34,34,34,34,34,34,34,34,34,34,34,34,34,34,34,34,34,34,34,34,33,33,33,33,33,33,33,33,33
263,Greece,Country/Area,11082,11134,11182,11219,11235,11225,11185,11120,11040,10959,10888,10829,10781,10741,10701,10660,10615,10569,10522,10473,10423,10304,10304,10245,10187,10128,10070,10013,9955,9899,9842,9787,9731,9676,9620,9563,9505,9446,9386,9325,9262,9197,9132,9064,8995,8924,8851,8776,8699,8620,8539,8457,8374,8288,8202,8114
264,Holy See,Country/Area,1,1,1,1,1,1,1,1,1,1,1,1,1,1,1,1,1,1,1,1,1,1,1,1,1,1,1,1,1,1,1,1,1,1,1,1,1,1,1,1,1,1,1,1,1,1,1,1,1,1,1,1,1,1,1,1
265,Italy,Country/Area,56692,56875,57183,57565,57948,58281,58543,58748,58922,59106,59325,59589,59879,60167,60410,60578,60663,60674,60627,60550,60462,60246,60246,60100,59931,59743,59537,59318,59085,58842,58590,58330,58064,57790,57509,57220,56923,56618,56303,55977,55636,55282,54913,54529,54129,53713,53280,52831,52367,51891,51404,50908,50403,49890,49371,48847
266,Malta,Country/Area,394,396,399,401,403,405,406,408,409,412,414,418,422,426,430,434,436,438,439,440,442,444,444,444,445,445,445,445,444,444,443,442,440,439,437,435,433,431,428,426,424,421,419,416,414,411,409,406,404,401,399,397,394,392,389,387
267,Montenegro,Country/Area,614,613,613,614,615,616,618,620,621,623,624,625,626,626,627,627,627,628,628,628,628,627,627,627,626,625,624,623,622,621,619,617,616,614,611,609,607,604,602,599,596,593,590,587,584,581,578,575,571,568,565,562,559,555,552,549
268,North Macedonia,Country/Area,2035,2043,2049,2053,2057,2060,2063,2065,2067,2069,2071,2072,2074,2076,2078,2079,2081,2082,2083,2083,2083,2081,2081,2078,2075,2071,2066,2061,2055,2048,2040,2032,2023,2013,2002,1991,1979,1967,1954,1941,1927,1913,1899,1884,1869,1854,1839,1823,1808,1792,1776,1760,1744,1728,1711,1694
269,Portugal,Country/Area,10297,10341,10386,10430,10471,10508,10543,10573,10595,10604,10596,10569,10526,10473,10418,10368,10326,10289,10256,10226,10197,10127,10127,10088,10048,10006,9961,9915,9867,9817,9766,9713,9658,9601,9542,9482,9421,9357,9293,9226,9157,9087,9016,8942,8867,8791,8712,8633,8552,8469,8386,8301,8216,8129,8042,7954
270,San Marino,Country/Area,27,28,28,29,29,29,30,30,30,31,31,32,32,33,33,33,34,34,34,34,34,34,34,34,34,34,34,34,34,34,34,34,34,34,34,34,34,33,33,33,33,33,33,33,32,32,32,32,32,31,31,31,31,30,30,30
271,Serbia,Country/Area,9488,9411,9346,9292,9243,9194,9146,9101,9060,9023,8991,8964,8940,8919,8898,8877,8854,8830,8803,8772,8737,8642,8642,8592,8541,8488,8433,8376,8318,8257,8195,8131,8065,7998,7929,7859,7787,7715,7641,7567,7493,7418,7342,7267,7191,7115,7039,6963,6887,6810,6734,6657,6580,6503,6425,6347
272,Slovenia,Country/Area,1988,1987,1987,1988,1990,1995,2002,2012,2023,2034,2043,2051,2058,2063,2067,2071,2074,2076,2078,2079,2079,2076,2076,2072,2069,2064,2059,2053,2046,2039,2031,2023,2015,2006,1997,1987,1977,1967,1957,1946,1935,1924,1913,1902,1890,1878,1866,1855,1842,1830,1818,1805,1793,1780,1767,1755
273,Spain,Country/Area,40825,41319,41920,42596,43308,44019,44729,45429,46069,46584,46931,47084,47063,46931,46778,46672,46634,46647,46693,46737,46755,46652,46652,46578,46489,46387,46273,46147,46010,45863,45707,45543,45370,45189,45000,44802,44595,44380,44157,43925,43684,43435,43177,42909,42631,42342,42041,41730,41407,41071,40724,40363,39991,39608,39215,38813
274,Western Europe,Subregion,182339,182958,183679,184445,185172,185804,186319,186747,187142,187583,188126,188782,189528,190347,191208,192084,192979,193886,194755,195522,196146,196554,196554,196696,196797,196857,196877,196859,196804,196714,196590,196433,196243,196021,195764,195474,195149,194792,194403,193983,193532,193051,192542,192007,191449,190869,190268,189650,189018,188375,187723,187066,186406,185744,185085,184429
275,Austria,Country/Area,8069,8098,8134,8176,8217,8254,8285,8314,8342,8373,8410,8454,8502,8556,8615,8679,8747,8820,8891,8955,9006,9039,9039,9051,9061,9069,9074,9077,9077,9075,9070,9062,9052,9039,9024,9007,8989,8968,8946,8922,8896,8869,8841,8811,8780,8747,8713,8678,8642,8605,8567,8528,8489,8449,8409,8369
276,Belgium,Country/Area,10282,10319,10365,10419,10480,10547,10619,10698,10779,10860,10939,11014,11085,11154,11221,11288,11354,11420,11482,11539,11590,11647,11647,11673,11697,11718,11737,11755,11770,11783,11794,11804,11811,11816,11820,11822,11822,11820,11817,11812,11806,11798,11788,11778,11766,11752,11737,11722,11704,11686,11668,11648,11628,11607,11586,11564
277,France,Country/Area,59015,59384,59803,60252,60698,61120,61509,61869,62209,62543,62880,63222,63564,63894,64194,64453,64668,64843,64991,65130,65274,65555,65555,65681,65796,65900,65995,66079,66153,66219,66276,66324,66363,66394,66414,66424,66422,66411,66389,66356,66313,66260,66197,66125,66044,65955,65859,65755,65645,65530,65409,65283,65154,65021,64885,64748
278,Germany,Country/Area,81401,81454,81535,81614,81646,81603,81472,81278,81066,80900,80827,80856,80973,81174,81450,81787,82194,82658,83124,83517,83784,83635,83635,83530,83404,83260,83097,82918,82723,82515,82293,82059,81813,81556,81286,81003,80707,80400,80081,79750,79407,79052,78687,78313,77929,77539,77142,76739,76334,75927,75521,75117,74716,74319,73928,73542
279,Liechtenstein,Country/Area,33,34,34,34,34,35,35,35,35,36,36,36,37,37,37,37,38,38,38,38,38,38,38,38,39,39,39,39,39,39,39,39,39,39,39,39,39,39,39,39,39,39,39,39,39,39,39,38,38,38,38,38,38,38,38,38
280,Luxembourg,Country/Area,436,440,444,447,452,458,466,475,485,497,508,519,531,543,555,567,579,592,604,616,626,641,641,648,654,660,666,672,677,682,687,692,697,701,706,710,714,718,722,726,729,732,736,739,742,744,747,750,752,754,757,759,761,763,764,766
281,Monaco,Country/Area,32,32,33,33,33,34,34,35,35,35,36,36,36,37,37,38,38,38,39,39,39,40,40,40,40,41,41,41,41,42,42,42,42,43,43,43,43,43,44,44,44,44,45,45,45,45,45,46,46,46,47,47,47,47,48,48
282,Netherlands,Country/Area,15926,16018,16110,16201,16287,16367,16440,16507,16568,16626,16683,16738,16792,16844,16893,16938,16981,17021,17060,17097,17135,17197,17197,17222,17244,17261,17275,17283,17287,17287,17282,17272,17258,17238,17214,17186,17152,17114,17072,17026,16976,16923,16866,16806,16744,16679,16613,16545,16475,16405,16333,16262,16190,16118,16047,15976
283,Switzerland,Country/Area,7144,7179,7220,7268,7324,7387,7458,7537,7623,7714,7809,7907,8008,8109,8206,8297,8380,8456,8526,8591,8655,8762,8762,8813,8862,8909,8954,8996,9036,9073,9108,9139,9168,9195,9219,9241,9261,9278,9295,9309,9322,9334,9344,9353,9361,9367,9373,9377,9381,9383,9384,9385,9384,9382,9380,9378
284,NORTHERN AMERICA,SDG subregion,312427,315616,318586,321432,324299,327287,330425,333668,336953,340182,343287,346251,349093,351824,354464,357031,359525,361942,364296,366601,368870,373161,373161,375273,377348,379380,381362,383288,385156,386963,388707,390386,391996,393532,394991,396368,397663,398878,400016,401082,402083,403020,403898,404722,405499,406236,406936,407606,408252,408882,409503,410119,410733,411350,411972,412603
285,Bermuda,Country/Area,65,65,66,66,66,66,66,66,66,66,65,65,65,64,64,64,63,63,63,63,62,62,62,62,62,61,61,61,61,60,60,60,59,59,59,58,58,58,57,57,56,56,55,55,54,53,53,52,52,51,51,50,50,49,48,48
286,Canada,Country/Area,30588,30880,31178,31488,31815,32164,32537,32931,33338,33746,34148,34539,34922,35297,35664,36027,36383,36732,37075,37411,37742,38374,38374,38685,38991,39290,39583,39868,40145,40415,40677,40931,41177,41414,41640,41857,42062,42258,42443,42621,42792,42955,43113,43264,43411,43553,43692,43828,43961,44092,44222,44352,44481,44610,44739,44870
287,Greenland,Country/Area,56,56,57,57,57,57,57,57,57,57,57,57,56,56,56,56,56,56,57,57,57,57,57,57,57,57,57,57,57,57,57,57,57,57,57,57,56,56,56,56,56,55,55,55,55,54,54,54,54,53,53,53,53,52,52,52
288,Saint Pierre and Miquelon,Country/Area,6,6,6,6,6,6,6,6,6,6,6,6,6,6,6,6,6,6,6,6,6,6,6,6,6,6,6,6,6,6,6,6,6,6,6,6,5,5,5,5,5,5,5,5,5,5,5,5,5,5,5,5,5,5,5,5
289,United States of America,Country/Area,281711,284608,287279,289816,292355,294994,297759,300608,303486,306308,309011,311584,314044,316401,318673,320878,323016,325085,327096,329065,331003,334663,334663,336463,338233,339966,341655,343297,344888,346425,347908,349332,350697,351997,353230,354391,355481,356501,357454,358343,359174,359948,360670,361343,361974,362569,363132,363667,364180,364680,365172,365660,366146,366634,367127,367628
